date,district,latitude,longitude,lst_day_k,lst_night_k,qc_day,qc_night,lst_day_c,lst_night_c
2026-08-08,IND.5.10_1,24.337,84.4353,15007.0,14926.622690159005,2,2,26.99000000000001,25.382453803180113
2026-08-09,IND.5.10_1,24.337,84.4353,15007.0,14926.622690159005,2,2,26.99000000000001,25.382453803180113
2026-08-10,IND.5.10_1,24.337,84.4353,15007.0,14926.622690159005,2,2,26.99000000000001,25.382453803180113
2026-08-08,IND.5.10_1,24.337,84.4853,15007.0,14922.674693849624,2,2,26.99000000000001,25.30349387699249
2026-08-09,IND.5.10_1,24.337,84.4853,15007.0,14922.674693849624,2,65,26.99000000000001,25.30349387699249
2026-08-10,IND.5.10_1,24.337,84.4853,15007.0,14922.674693849624,2,2,26.99000000000001,25.30349387699249
2026-08-08,IND.5.10_1,24.387,84.3853,15007.0,14953.994486059653,2,2,26.99000000000001,25.929889721193092
2026-08-09,IND.5.10_1,24.387,84.3853,15007.0,14953.994486059653,2,2,26.99000000000001,25.929889721193092
2026-08-10,IND.5.10_1,24.387,84.3853,15007.0,14953.994486059653,2,2,26.99000000000001,25.929889721193092
2026-08-08,IND.5.10_1,24.387,84.4353,15007.0,14904.083509513746,2,2,26.99000000000001,24.93167019027493
2026-08-09,IND.5.10_1,24.387,84.4353,15007.0,14904.083509513746,2,2,26.99000000000001,24.93167019027493
2026-08-10,IND.5.10_1,24.387,84.4353,15007.0,14904.083509513746,2,2,26.99000000000001,24.93167019027493
2026-08-08,IND.5.10_1,24.387,84.4853,15007.0,14917.954346637503,2,2,26.99000000000001,25.209086932750097
2026-08-09,IND.5.10_1,24.387,84.4853,15007.0,14917.954346637503,2,2,26.99000000000001,25.209086932750097
2026-08-10,IND.5.10_1,24.387,84.4853,15007.0,14917.954346637503,2,2,26.99000000000001,25.209086932750097
2026-08-08,IND.5.10_1,24.387,84.53529999999999,15007.0,14918.83408071749,2,2,26.99000000000001,25.226681614349843
2026-08-09,IND.5.10_1,24.387,84.53529999999999,15007.0,14918.83408071749,2,2,26.99000000000001,25.226681614349843
2026-08-10,IND.5.10_1,24.387,84.53529999999999,15007.0,14918.83408071749,2,2,26.99000000000001,25.226681614349843
2026-08-08,IND.5.10_1,24.387,84.93529999999997,14793.078753076294,14836.0,2,2,22.711575061525878,23.57000000000005
2026-08-09,IND.5.10_1,24.387,84.93529999999997,14793.078753076294,14836.0,2,2,22.711575061525878,23.57000000000005
2026-08-10,IND.5.10_1,24.387,84.93529999999997,14793.078753076294,14836.0,2,2,22.711575061525878,23.57000000000005
2026-08-08,IND.5.10_1,24.387,85.08529999999996,15007.0,14867.8156820365,2,2,26.99000000000001,24.20631364073006
2026-08-09,IND.5.10_1,24.387,85.08529999999996,15007.0,14867.8156820365,2,65,26.99000000000001,24.20631364073006
2026-08-10,IND.5.10_1,24.387,85.08529999999996,15007.0,14867.8156820365,2,2,26.99000000000001,24.20631364073006
2026-08-08,IND.5.10_1,24.437,84.3353,15007.0,14953.994486059653,2,2,26.99000000000001,25.929889721193092
2026-08-09,IND.5.10_1,24.437,84.3353,15007.0,14953.994486059653,2,2,26.99000000000001,25.929889721193092
2026-08-10,IND.5.10_1,24.437,84.3353,15007.0,14953.994486059653,2,2,26.99000000000001,25.929889721193092
2026-08-08,IND.5.10_1,24.437,84.3853,15007.0,14886.172164948453,2,2,26.99000000000001,24.573443298969096
2026-08-09,IND.5.10_1,24.437,84.3853,15007.0,14886.172164948453,2,2,26.99000000000001,24.573443298969096
2026-08-10,IND.5.10_1,24.437,84.3853,15007.0,14886.172164948453,2,2,26.99000000000001,24.573443298969096
2026-08-08,IND.5.10_1,24.437,84.4353,15007.0,14892.014161490682,2,2,26.99000000000001,24.6902832298137
2026-08-09,IND.5.10_1,24.437,84.4353,15007.0,14892.014161490682,2,2,26.99000000000001,24.6902832298137
2026-08-10,IND.5.10_1,24.437,84.4353,15007.0,14892.014161490682,2,2,26.99000000000001,24.6902832298137
2026-08-08,IND.5.10_1,24.437,84.4853,15007.0,14918.992700729927,2,2,26.99000000000001,25.229854014598573
2026-08-09,IND.5.10_1,24.437,84.4853,15007.0,14918.992700729927,2,2,26.99000000000001,25.229854014598573
2026-08-10,IND.5.10_1,24.437,84.4853,15007.0,14918.992700729927,2,2,26.99000000000001,25.229854014598573
2026-08-08,IND.5.10_1,24.437,84.53529999999999,15007.0,14953.994486059653,2,2,26.99000000000001,25.929889721193092
2026-08-09,IND.5.10_1,24.437,84.53529999999999,15007.0,14953.994486059653,2,2,26.99000000000001,25.929889721193092
2026-08-10,IND.5.10_1,24.437,84.53529999999999,15007.0,14953.994486059653,2,2,26.99000000000001,25.929889721193092
2026-08-08,IND.5.10_1,24.437,84.58529999999999,15007.0,14953.994486059653,2,2,26.99000000000001,25.929889721193092
2026-08-09,IND.5.10_1,24.437,84.58529999999999,15007.0,14953.994486059653,2,2,26.99000000000001,25.929889721193092
2026-08-10,IND.5.10_1,24.437,84.58529999999999,15007.0,14953.994486059653,2,2,26.99000000000001,25.929889721193092
2026-08-08,IND.5.10_1,24.437,84.63529999999999,14908.597432905484,14953.994486059653,2,2,25.021948658109693,25.929889721193092
2026-08-09,IND.5.10_1,24.437,84.63529999999999,14908.597432905484,14953.994486059653,2,2,25.021948658109693,25.929889721193092
2026-08-10,IND.5.10_1,24.437,84.63529999999999,14908.597432905484,14953.994486059653,2,2,25.021948658109693,25.929889721193092
2026-08-08,IND.5.10_1,24.437,84.88529999999997,14777.97341673182,14953.994486059653,2,2,22.409468334636415,25.929889721193092
2026-08-09,IND.5.10_1,24.437,84.88529999999997,14777.97341673182,14953.994486059653,2,2,22.409468334636415,25.929889721193092
2026-08-10,IND.5.10_1,24.437,84.88529999999997,14777.97341673182,14953.994486059653,2,2,22.409468334636415,25.929889721193092
2026-08-08,IND.5.10_1,24.437,84.93529999999997,14734.0,14949.708133971293,2,2,21.53000000000003,25.844162679425892
2026-08-09,IND.5.10_1,24.437,84.93529999999997,14734.0,14949.708133971293,2,2,21.53000000000003,25.844162679425892
2026-08-10,IND.5.10_1,24.437,84.93529999999997,14734.0,14949.708133971293,2,2,21.53000000000003,25.844162679425892
2026-08-08,IND.5.10_1,24.437,84.98529999999997,15007.0,14905.249526216045,2,2,26.99000000000001,24.95499052432092
2026-08-09,IND.5.10_1,24.437,84.98529999999997,15007.0,14905.249526216045,2,2,26.99000000000001,24.95499052432092
2026-08-10,IND.5.10_1,24.437,84.98529999999997,15007.0,14905.249526216045,2,2,26.99000000000001,24.95499052432092
2026-08-08,IND.5.10_1,24.437,85.03529999999996,15007.0,14897.150341214585,2,2,26.99000000000001,24.79300682429175
2026-08-09,IND.5.10_1,24.437,85.03529999999996,15007.0,14897.150341214585,2,65,26.99000000000001,24.79300682429175
2026-08-10,IND.5.10_1,24.437,85.03529999999996,15007.0,14897.150341214585,2,2,26.99000000000001,24.79300682429175
2026-08-08,IND.5.10_1,24.437,85.08529999999996,15007.0,14891.181739608708,2,2,26.99000000000001,24.673634792174198
2026-08-09,IND.5.10_1,24.437,85.08529999999996,15007.0,14891.181739608708,2,65,26.99000000000001,24.673634792174198
2026-08-10,IND.5.10_1,24.437,85.08529999999996,15007.0,14891.181739608708,2,2,26.99000000000001,24.673634792174198
2026-08-08,IND.5.10_1,24.437,85.13529999999996,15007.0,14893.46800115485,2,2,26.99000000000001,24.71936002309701
2026-08-09,IND.5.10_1,24.437,85.13529999999996,15007.0,14893.46800115485,2,65,26.99000000000001,24.71936002309701
2026-08-10,IND.5.10_1,24.437,85.13529999999996,15007.0,14893.46800115485,2,2,26.99000000000001,24.71936002309701
2026-08-08,IND.5.10_1,24.487,84.3353,14972.741190765493,14953.994486059653,2,2,26.304823815309874,25.929889721193092
2026-08-09,IND.5.10_1,24.487,84.3353,14972.741190765493,14953.994486059653,2,2,26.304823815309874,25.929889721193092
2026-08-10,IND.5.10_1,24.487,84.3353,14972.741190765493,14953.994486059653,2,2,26.304823815309874,25.929889721193092
2026-08-08,IND.5.10_1,24.487,84.3853,15007.0,14866.937351684863,2,2,26.99000000000001,24.18874703369727
2026-08-09,IND.5.10_1,24.487,84.3853,15007.0,14866.937351684863,2,2,26.99000000000001,24.18874703369727
2026-08-10,IND.5.10_1,24.487,84.3853,15007.0,14866.937351684863,2,2,26.99000000000001,24.18874703369727
2026-08-08,IND.5.10_1,24.487,84.4353,15007.0,14880.204909584934,2,2,26.99000000000001,24.454098191698733
2026-08-09,IND.5.10_1,24.487,84.4353,15007.0,14880.204909584934,2,65,26.99000000000001,24.454098191698733
2026-08-10,IND.5.10_1,24.487,84.4353,15007.0,14880.204909584934,2,2,26.99000000000001,24.454098191698733
2026-08-08,IND.5.10_1,24.487,84.4853,15007.0,14870.103798354628,2,2,26.99000000000001,24.252075967092594
2026-08-09,IND.5.10_1,24.487,84.4853,15007.0,14870.103798354628,2,2,26.99000000000001,24.252075967092594
2026-08-10,IND.5.10_1,24.487,84.4853,15007.0,14870.103798354628,2,2,26.99000000000001,24.252075967092594
2026-08-08,IND.5.10_1,24.487,84.53529999999999,15007.0,14844.0,2,2,26.99000000000001,23.730000000000018
2026-08-09,IND.5.10_1,24.487,84.53529999999999,15007.0,14844.0,2,2,26.99000000000001,23.730000000000018
2026-08-10,IND.5.10_1,24.487,84.53529999999999,15007.0,14844.0,2,2,26.99000000000001,23.730000000000018
2026-08-08,IND.5.10_1,24.487,84.58529999999999,15007.0,14953.994486059653,2,2,26.99000000000001,25.929889721193092
2026-08-09,IND.5.10_1,24.487,84.58529999999999,15007.0,14953.994486059653,2,2,26.99000000000001,25.929889721193092
2026-08-10,IND.5.10_1,24.487,84.58529999999999,15007.0,14953.994486059653,2,2,26.99000000000001,25.929889721193092
2026-08-08,IND.5.10_1,24.487,84.63529999999999,15007.0,14953.994486059653,2,2,26.99000000000001,25.929889721193092
2026-08-09,IND.5.10_1,24.487,84.63529999999999,15007.0,14953.994486059653,2,2,26.99000000000001,25.929889721193092
2026-08-10,IND.5.10_1,24.487,84.63529999999999,15007.0,14953.994486059653,2,2,26.99000000000001,25.929889721193092
2026-08-08,IND.5.10_1,24.487,84.68529999999998,14901.081871345028,14953.994486059653,2,2,24.871637426900577,25.929889721193092
2026-08-09,IND.5.10_1,24.487,84.68529999999998,14901.081871345028,14953.994486059653,2,2,24.871637426900577,25.929889721193092
2026-08-10,IND.5.10_1,24.487,84.68529999999998,14901.081871345028,14953.994486059653,2,2,24.871637426900577,25.929889721193092
2026-08-08,IND.5.10_1,24.487,84.73529999999998,14916.433070866142,14953.994486059653,2,2,25.17866141732287,25.929889721193092
2026-08-09,IND.5.10_1,24.487,84.73529999999998,14916.433070866142,14953.994486059653,2,2,25.17866141732287,25.929889721193092
2026-08-10,IND.5.10_1,24.487,84.73529999999998,14916.433070866142,14953.994486059653,2,2,25.17866141732287,25.929889721193092
2026-08-08,IND.5.10_1,24.487,84.83529999999998,15007.0,14930.0,2,2,26.99000000000001,25.450000000000045
2026-08-09,IND.5.10_1,24.487,84.83529999999998,15007.0,14930.0,2,2,26.99000000000001,25.450000000000045
2026-08-10,IND.5.10_1,24.487,84.83529999999998,15007.0,14930.0,2,2,26.99000000000001,25.450000000000045
2026-08-08,IND.5.10_1,24.487,84.88529999999997,15007.0,14934.0,2,2,26.99000000000001,25.53000000000003
2026-08-09,IND.5.10_1,24.487,84.88529999999997,15007.0,14934.0,2,2,26.99000000000001,25.53000000000003
2026-08-10,IND.5.10_1,24.487,84.88529999999997,15007.0,14934.0,2,2,26.99000000000001,25.53000000000003
2026-08-08,IND.5.10_1,24.487,84.93529999999997,15007.0,14952.690215942413,2,2,26.99000000000001,25.9038043188483
2026-08-09,IND.5.10_1,24.487,84.93529999999997,15007.0,14952.690215942413,2,2,26.99000000000001,25.9038043188483
2026-08-10,IND.5.10_1,24.487,84.93529999999997,15007.0,14952.690215942413,2,2,26.99000000000001,25.9038043188483
2026-08-08,IND.5.10_1,24.487,84.98529999999997,15007.0,14952.946859489988,2,2,26.99000000000001,25.908937189799815
2026-08-09,IND.5.10_1,24.487,84.98529999999997,15007.0,14952.946859489988,2,65,26.99000000000001,25.908937189799815
2026-08-10,IND.5.10_1,24.487,84.98529999999997,15007.0,14952.946859489988,2,2,26.99000000000001,25.908937189799815
2026-08-08,IND.5.10_1,24.487,85.03529999999996,15007.0,14945.387129934212,2,2,26.99000000000001,25.757742598684274
2026-08-09,IND.5.10_1,24.487,85.03529999999996,15007.0,14945.387129934212,2,2,26.99000000000001,25.757742598684274
2026-08-10,IND.5.10_1,24.487,85.03529999999996,15007.0,14945.387129934212,2,2,26.99000000000001,25.757742598684274
2026-08-08,IND.5.10_1,24.487,85.08529999999996,15007.0,14930.212974296204,2,2,26.99000000000001,25.454259485924126
2026-08-09,IND.5.10_1,24.487,85.08529999999996,15007.0,14930.212974296204,2,2,26.99000000000001,25.454259485924126
2026-08-10,IND.5.10_1,24.487,85.08529999999996,15007.0,14930.212974296204,2,2,26.99000000000001,25.454259485924126
2026-08-08,IND.5.10_1,24.487,85.13529999999996,15007.0,14926.970498915405,2,2,26.99000000000001,25.38940997830815
2026-08-09,IND.5.10_1,24.487,85.13529999999996,15007.0,14926.970498915405,2,2,26.99000000000001,25.38940997830815
2026-08-10,IND.5.10_1,24.487,85.13529999999996,15007.0,14926.970498915405,2,2,26.99000000000001,25.38940997830815
2026-08-08,IND.5.10_1,24.487,85.18529999999996,15007.0,14883.94076099339,2,2,26.99000000000001,24.528815219867795
2026-08-09,IND.5.10_1,24.487,85.18529999999996,15007.0,14883.94076099339,2,2,26.99000000000001,24.528815219867795
2026-08-10,IND.5.10_1,24.487,85.18529999999996,15007.0,14883.94076099339,2,2,26.99000000000001,24.528815219867795
2026-08-08,IND.5.10_1,24.487,85.23529999999995,15007.0,14868.083577712607,2,2,26.99000000000001,24.211671554252177
2026-08-09,IND.5.10_1,24.487,85.23529999999995,15007.0,14868.083577712607,2,2,26.99000000000001,24.211671554252177
2026-08-10,IND.5.10_1,24.487,85.23529999999995,15007.0,14868.083577712607,2,2,26.99000000000001,24.211671554252177
2026-08-08,IND.5.10_1,24.537000000000003,84.3853,14942.0,14871.819542253521,2,2,25.690000000000055,24.286390845070457
2026-08-09,IND.5.10_1,24.537000000000003,84.3853,14942.0,14871.819542253521,2,2,25.690000000000055,24.286390845070457
2026-08-10,IND.5.10_1,24.537000000000003,84.3853,14942.0,14871.819542253521,2,2,25.690000000000055,24.286390845070457
2026-08-08,IND.5.10_1,24.537000000000003,84.4353,15007.0,14871.332039911307,2,2,26.99000000000001,24.276640798226197
2026-08-09,IND.5.10_1,24.537000000000003,84.4353,15007.0,14871.332039911307,2,2,26.99000000000001,24.276640798226197
2026-08-10,IND.5.10_1,24.537000000000003,84.4353,15007.0,14871.332039911307,2,2,26.99000000000001,24.276640798226197
2026-08-08,IND.5.10_1,24.537000000000003,84.58529999999999,15007.0,14953.994486059653,2,2,26.99000000000001,25.929889721193092
2026-08-09,IND.5.10_1,24.537000000000003,84.58529999999999,15007.0,14953.994486059653,2,2,26.99000000000001,25.929889721193092
2026-08-10,IND.5.10_1,24.537000000000003,84.58529999999999,15007.0,14953.994486059653,2,2,26.99000000000001,25.929889721193092
2026-08-08,IND.5.10_1,24.537000000000003,84.63529999999999,15007.0,14953.994486059653,2,2,26.99000000000001,25.929889721193092
2026-08-09,IND.5.10_1,24.537000000000003,84.63529999999999,15007.0,14953.994486059653,2,2,26.99000000000001,25.929889721193092
2026-08-10,IND.5.10_1,24.537000000000003,84.63529999999999,15007.0,14953.994486059653,2,2,26.99000000000001,25.929889721193092
2026-08-08,IND.5.10_1,24.537000000000003,84.68529999999998,15007.0,14953.994486059653,2,2,26.99000000000001,25.929889721193092
2026-08-09,IND.5.10_1,24.537000000000003,84.68529999999998,15007.0,14953.994486059653,2,2,26.99000000000001,25.929889721193092
2026-08-10,IND.5.10_1,24.537000000000003,84.68529999999998,15007.0,14953.994486059653,2,2,26.99000000000001,25.929889721193092
2026-08-08,IND.5.10_1,24.537000000000003,84.73529999999998,15007.0,14953.74463840399,2,2,26.99000000000001,25.924892768079815
2026-08-09,IND.5.10_1,24.537000000000003,84.73529999999998,15007.0,14953.74463840399,2,2,26.99000000000001,25.924892768079815
2026-08-10,IND.5.10_1,24.537000000000003,84.73529999999998,15007.0,14953.74463840399,2,2,26.99000000000001,25.924892768079815
2026-08-08,IND.5.10_1,24.537000000000003,84.78529999999998,15007.0,14955.612383247966,2,2,26.99000000000001,25.962247664959364
2026-08-09,IND.5.10_1,24.537000000000003,84.78529999999998,15007.0,14955.612383247966,2,2,26.99000000000001,25.962247664959364
2026-08-10,IND.5.10_1,24.537000000000003,84.78529999999998,15007.0,14955.612383247966,2,2,26.99000000000001,25.962247664959364
2026-08-08,IND.5.10_1,24.537000000000003,84.83529999999998,15007.0,14953.957562951226,2,2,26.99000000000001,25.929151259024536
2026-08-09,IND.5.10_1,24.537000000000003,84.83529999999998,15007.0,14953.957562951226,2,2,26.99000000000001,25.929151259024536
2026-08-10,IND.5.10_1,24.537000000000003,84.83529999999998,15007.0,14953.957562951226,2,2,26.99000000000001,25.929151259024536
2026-08-08,IND.5.10_1,24.537000000000003,84.88529999999997,15007.0,14955.986878536176,2,2,26.99000000000001,25.969737570723566
2026-08-09,IND.5.10_1,24.537000000000003,84.88529999999997,15007.0,14955.986878536176,2,2,26.99000000000001,25.969737570723566
2026-08-10,IND.5.10_1,24.537000000000003,84.88529999999997,15007.0,14955.986878536176,2,2,26.99000000000001,25.969737570723566
2026-08-08,IND.5.10_1,24.537000000000003,84.93529999999997,15007.0,14958.00738660008,2,2,26.99000000000001,26.010147732001656
2026-08-09,IND.5.10_1,24.537000000000003,84.93529999999997,15007.0,14958.00738660008,2,2,26.99000000000001,26.010147732001656
2026-08-10,IND.5.10_1,24.537000000000003,84.93529999999997,15007.0,14958.00738660008,2,2,26.99000000000001,26.010147732001656
2026-08-08,IND.5.10_1,24.537000000000003,84.98529999999997,15007.0,14962.340481740477,2,2,26.99000000000001,26.096809634809574
2026-08-09,IND.5.10_1,24.537000000000003,84.98529999999997,15007.0,14962.340481740477,2,2,26.99000000000001,26.096809634809574
2026-08-10,IND.5.10_1,24.537000000000003,84.98529999999997,15007.0,14962.340481740477,2,2,26.99000000000001,26.096809634809574
2026-08-08,IND.5.10_1,24.537000000000003,85.03529999999996,15007.0,14958.557924003708,2,2,26.99000000000001,26.021158480074178
2026-08-09,IND.5.10_1,24.537000000000003,85.03529999999996,15007.0,14958.557924003708,2,2,26.99000000000001,26.021158480074178
2026-08-10,IND.5.10_1,24.537000000000003,85.03529999999996,15007.0,14958.557924003708,2,2,26.99000000000001,26.021158480074178
2026-08-08,IND.5.10_1,24.537000000000003,85.08529999999996,15007.0,14953.994486059653,2,2,26.99000000000001,25.929889721193092
2026-08-09,IND.5.10_1,24.537000000000003,85.08529999999996,15007.0,14953.994486059653,2,2,26.99000000000001,25.929889721193092
2026-08-10,IND.5.10_1,24.537000000000003,85.08529999999996,15007.0,14953.994486059653,2,2,26.99000000000001,25.929889721193092
2026-08-08,IND.5.10_1,24.537000000000003,85.13529999999996,15007.0,14953.994486059653,2,2,26.99000000000001,25.929889721193092
2026-08-09,IND.5.10_1,24.537000000000003,85.13529999999996,15007.0,14953.994486059653,2,2,26.99000000000001,25.929889721193092
2026-08-10,IND.5.10_1,24.537000000000003,85.13529999999996,15007.0,14953.994486059653,2,2,26.99000000000001,25.929889721193092
2026-08-08,IND.5.10_1,24.537000000000003,85.18529999999996,15007.0,14940.894804361771,2,2,26.99000000000001,25.667896087235476
2026-08-09,IND.5.10_1,24.537000000000003,85.18529999999996,15007.0,14940.894804361771,2,2,26.99000000000001,25.667896087235476
2026-08-10,IND.5.10_1,24.537000000000003,85.18529999999996,15007.0,14940.894804361771,2,2,26.99000000000001,25.667896087235476
2026-08-08,IND.5.10_1,24.537000000000003,85.23529999999995,15007.0,14935.12900274474,2,2,26.99000000000001,25.552580054894804
2026-08-09,IND.5.10_1,24.537000000000003,85.23529999999995,15007.0,14935.12900274474,2,2,26.99000000000001,25.552580054894804
2026-08-10,IND.5.10_1,24.537000000000003,85.23529999999995,15007.0,14935.12900274474,2,2,26.99000000000001,25.552580054894804
2026-08-08,IND.5.10_1,24.537000000000003,85.28529999999995,15007.0,14940.0,2,2,26.99000000000001,25.650000000000034
2026-08-09,IND.5.10_1,24.537000000000003,85.28529999999995,15007.0,14940.0,2,2,26.99000000000001,25.650000000000034
2026-08-10,IND.5.10_1,24.537000000000003,85.28529999999995,15007.0,14940.0,2,2,26.99000000000001,25.650000000000034
2026-08-08,IND.5.10_1,24.537000000000003,85.33529999999995,15007.0,14953.994486059653,2,2,26.99000000000001,25.929889721193092
2026-08-09,IND.5.10_1,24.537000000000003,85.33529999999995,15007.0,14953.994486059653,2,2,26.99000000000001,25.929889721193092
2026-08-10,IND.5.10_1,24.537000000000003,85.33529999999995,15007.0,14953.994486059653,2,2,26.99000000000001,25.929889721193092
2026-08-08,IND.5.10_1,24.587000000000003,84.58529999999999,15007.0,14953.994486059653,2,2,26.99000000000001,25.929889721193092
2026-08-09,IND.5.10_1,24.587000000000003,84.58529999999999,15007.0,14953.994486059653,2,2,26.99000000000001,25.929889721193092
2026-08-10,IND.5.10_1,24.587000000000003,84.58529999999999,15007.0,14953.994486059653,2,2,26.99000000000001,25.929889721193092
2026-08-08,IND.5.10_1,24.587000000000003,84.63529999999999,15007.0,14953.994486059653,2,2,26.99000000000001,25.929889721193092
2026-08-09,IND.5.10_1,24.587000000000003,84.63529999999999,15007.0,14953.994486059653,2,2,26.99000000000001,25.929889721193092
2026-08-10,IND.5.10_1,24.587000000000003,84.63529999999999,15007.0,14953.994486059653,2,2,26.99000000000001,25.929889721193092
2026-08-08,IND.5.10_1,24.587000000000003,84.68529999999998,15007.0,14962.0,2,2,26.99000000000001,26.090000000000032
2026-08-09,IND.5.10_1,24.587000000000003,84.68529999999998,15007.0,14962.0,2,2,26.99000000000001,26.090000000000032
2026-08-10,IND.5.10_1,24.587000000000003,84.68529999999998,15007.0,14962.0,2,2,26.99000000000001,26.090000000000032
2026-08-08,IND.5.10_1,24.587000000000003,84.73529999999998,15007.0,14964.918086263137,2,2,26.99000000000001,26.14836172526276
2026-08-09,IND.5.10_1,24.587000000000003,84.73529999999998,15007.0,14964.918086263137,2,2,26.99000000000001,26.14836172526276
2026-08-10,IND.5.10_1,24.587000000000003,84.73529999999998,15007.0,14964.918086263137,2,2,26.99000000000001,26.14836172526276
2026-08-08,IND.5.10_1,24.587000000000003,84.78529999999998,15007.0,14963.167136235576,2,2,26.99000000000001,26.113342724711515
2026-08-09,IND.5.10_1,24.587000000000003,84.78529999999998,15007.0,14963.167136235576,2,65,26.99000000000001,26.113342724711515
2026-08-10,IND.5.10_1,24.587000000000003,84.78529999999998,15007.0,14963.167136235576,2,2,26.99000000000001,26.113342724711515
2026-08-08,IND.5.10_1,24.587000000000003,84.83529999999998,15007.0,14964.516701081013,2,2,26.99000000000001,26.140334021620276
2026-08-09,IND.5.10_1,24.587000000000003,84.83529999999998,15007.0,14964.516701081013,2,2,26.99000000000001,26.140334021620276
2026-08-10,IND.5.10_1,24.587000000000003,84.83529999999998,15007.0,14964.516701081013,2,2,26.99000000000001,26.140334021620276
2026-08-08,IND.5.10_1,24.587000000000003,84.88529999999997,15007.0,14969.20046507121,2,2,26.99000000000001,26.234009301424237
2026-08-09,IND.5.10_1,24.587000000000003,84.88529999999997,15007.0,14969.20046507121,2,65,26.99000000000001,26.234009301424237
2026-08-10,IND.5.10_1,24.587000000000003,84.88529999999997,15007.0,14969.20046507121,2,2,26.99000000000001,26.234009301424237
2026-08-08,IND.5.10_1,24.587000000000003,84.93529999999997,15007.0,14966.406384180784,2,2,26.99000000000001,26.178127683615685
2026-08-09,IND.5.10_1,24.587000000000003,84.93529999999997,15007.0,14966.406384180784,2,65,26.99000000000001,26.178127683615685
2026-08-10,IND.5.10_1,24.587000000000003,84.93529999999997,15007.0,14966.406384180784,2,2,26.99000000000001,26.178127683615685
2026-08-08,IND.5.10_1,24.587000000000003,84.98529999999997,15007.0,14971.79805147943,2,2,26.99000000000001,26.285961029588634
2026-08-09,IND.5.10_1,24.587000000000003,84.98529999999997,15007.0,14971.79805147943,2,2,26.99000000000001,26.285961029588634
2026-08-10,IND.5.10_1,24.587000000000003,84.98529999999997,15007.0,14971.79805147943,2,2,26.99000000000001,26.285961029588634
2026-08-08,IND.5.10_1,24.587000000000003,85.03529999999996,15007.0,14959.102910908558,2,2,26.99000000000001,26.032058218171187
2026-08-09,IND.5.10_1,24.587000000000003,85.03529999999996,15007.0,14959.102910908558,2,2,26.99000000000001,26.032058218171187
2026-08-10,IND.5.10_1,24.587000000000003,85.03529999999996,15007.0,14959.102910908558,2,2,26.99000000000001,26.032058218171187
2026-08-08,IND.5.10_1,24.587000000000003,85.08529999999996,15007.0,14954.962656708454,2,2,26.99000000000001,25.949253134169112
2026-08-09,IND.5.10_1,24.587000000000003,85.08529999999996,15007.0,14954.962656708454,2,2,26.99000000000001,25.949253134169112
2026-08-10,IND.5.10_1,24.587000000000003,85.08529999999996,15007.0,14954.962656708454,2,2,26.99000000000001,25.949253134169112
2026-08-08,IND.5.10_1,24.587000000000003,85.13529999999996,15007.0,14955.527865404838,2,2,26.99000000000001,25.96055730809678
2026-08-09,IND.5.10_1,24.587000000000003,85.13529999999996,15007.0,14955.527865404838,2,2,26.99000000000001,25.96055730809678
2026-08-10,IND.5.10_1,24.587000000000003,85.13529999999996,15007.0,14955.527865404838,2,2,26.99000000000001,25.96055730809678
2026-08-08,IND.5.10_1,24.587000000000003,85.18529999999996,15007.0,14936.642477019835,2,2,26.99000000000001,25.58284954039675
2026-08-09,IND.5.10_1,24.587000000000003,85.18529999999996,15007.0,14936.642477019835,2,2,26.99000000000001,25.58284954039675
2026-08-10,IND.5.10_1,24.587000000000003,85.18529999999996,15007.0,14936.642477019835,2,2,26.99000000000001,25.58284954039675
2026-08-08,IND.5.10_1,24.587000000000003,85.23529999999995,15007.0,14934.442247783367,2,2,26.99000000000001,25.538844955667344
2026-08-09,IND.5.10_1,24.587000000000003,85.23529999999995,15007.0,14934.442247783367,2,2,26.99000000000001,25.538844955667344
2026-08-10,IND.5.10_1,24.587000000000003,85.23529999999995,15007.0,14934.442247783367,2,2,26.99000000000001,25.538844955667344
2026-08-08,IND.5.10_1,24.587000000000003,85.28529999999995,15007.0,14939.551270815075,2,2,26.99000000000001,25.641025416301545
2026-08-09,IND.5.10_1,24.587000000000003,85.28529999999995,15007.0,14939.551270815075,2,2,26.99000000000001,25.641025416301545
2026-08-10,IND.5.10_1,24.587000000000003,85.28529999999995,15007.0,14939.551270815075,2,2,26.99000000000001,25.641025416301545
2026-08-08,IND.5.10_1,24.637000000000004,84.63529999999999,15007.0,14953.994486059653,2,2,26.99000000000001,25.929889721193092
2026-08-09,IND.5.10_1,24.637000000000004,84.63529999999999,15007.0,14953.994486059653,2,2,26.99000000000001,25.929889721193092
2026-08-10,IND.5.10_1,24.637000000000004,84.63529999999999,15007.0,14953.994486059653,2,2,26.99000000000001,25.929889721193092
2026-08-08,IND.5.10_1,24.637000000000004,84.68529999999998,15007.0,14962.0,2,2,26.99000000000001,26.090000000000032
2026-08-09,IND.5.10_1,24.637000000000004,84.68529999999998,15007.0,14962.0,2,2,26.99000000000001,26.090000000000032
2026-08-10,IND.5.10_1,24.637000000000004,84.68529999999998,15007.0,14962.0,2,2,26.99000000000001,26.090000000000032
2026-08-08,IND.5.10_1,24.637000000000004,84.73529999999998,15007.0,14962.0,2,2,26.99000000000001,26.090000000000032
2026-08-09,IND.5.10_1,24.637000000000004,84.73529999999998,15007.0,14962.0,2,2,26.99000000000001,26.090000000000032
2026-08-10,IND.5.10_1,24.637000000000004,84.73529999999998,15007.0,14962.0,2,2,26.99000000000001,26.090000000000032
2026-08-08,IND.5.10_1,24.637000000000004,84.78529999999998,15007.0,14968.825511432009,2,2,26.99000000000001,26.226510228640223
2026-08-09,IND.5.10_1,24.637000000000004,84.78529999999998,15007.0,14968.825511432009,2,2,26.99000000000001,26.226510228640223
2026-08-10,IND.5.10_1,24.637000000000004,84.78529999999998,15007.0,14968.825511432009,2,2,26.99000000000001,26.226510228640223
2026-08-08,IND.5.10_1,24.637000000000004,84.83529999999998,15007.0,14960.0,2,2,26.99000000000001,26.05000000000001
2026-08-09,IND.5.10_1,24.637000000000004,84.83529999999998,15007.0,14960.0,2,2,26.99000000000001,26.05000000000001
2026-08-10,IND.5.10_1,24.637000000000004,84.83529999999998,15007.0,14960.0,2,2,26.99000000000001,26.05000000000001
2026-08-08,IND.5.10_1,24.637000000000004,84.88529999999997,15007.0,14971.891763848396,2,2,26.99000000000001,26.28783527696794
2026-08-09,IND.5.10_1,24.637000000000004,84.88529999999997,15007.0,14971.891763848396,2,2,26.99000000000001,26.28783527696794
2026-08-10,IND.5.10_1,24.637000000000004,84.88529999999997,15007.0,14971.891763848396,2,2,26.99000000000001,26.28783527696794
2026-08-08,IND.5.10_1,24.637000000000004,84.93529999999997,15007.0,14971.946240509433,2,2,26.99000000000001,26.28892481018869
2026-08-09,IND.5.10_1,24.637000000000004,84.93529999999997,15007.0,14971.946240509433,2,2,26.99000000000001,26.28892481018869
2026-08-10,IND.5.10_1,24.637000000000004,84.93529999999997,15007.0,14971.946240509433,2,2,26.99000000000001,26.28892481018869
2026-08-08,IND.5.10_1,24.637000000000004,84.98529999999997,15007.0,14980.251241161424,2,2,26.99000000000001,26.45502482322854
2026-08-09,IND.5.10_1,24.637000000000004,84.98529999999997,15007.0,14980.251241161424,2,2,26.99000000000001,26.45502482322854
2026-08-10,IND.5.10_1,24.637000000000004,84.98529999999997,15007.0,14980.251241161424,2,2,26.99000000000001,26.45502482322854
2026-08-08,IND.5.10_1,24.637000000000004,85.03529999999996,15007.0,14968.868206521738,2,2,26.99000000000001,26.227364130434808
2026-08-09,IND.5.10_1,24.637000000000004,85.03529999999996,15007.0,14968.868206521738,2,2,26.99000000000001,26.227364130434808
2026-08-10,IND.5.10_1,24.637000000000004,85.03529999999996,15007.0,14968.868206521738,2,2,26.99000000000001,26.227364130434808
2026-08-08,IND.5.10_1,24.637000000000004,85.08529999999996,15007.0,14962.056112224445,2,2,26.99000000000001,26.09112224448893
2026-08-09,IND.5.10_1,24.637000000000004,85.08529999999996,15007.0,14962.056112224445,2,2,26.99000000000001,26.09112224448893
2026-08-10,IND.5.10_1,24.637000000000004,85.08529999999996,15007.0,14962.056112224445,2,2,26.99000000000001,26.09112224448893
2026-08-08,IND.5.10_1,24.637000000000004,85.13529999999996,15007.0,14953.994486059653,2,2,26.99000000000001,25.929889721193092
2026-08-09,IND.5.10_1,24.637000000000004,85.13529999999996,15007.0,14953.994486059653,2,2,26.99000000000001,25.929889721193092
2026-08-10,IND.5.10_1,24.637000000000004,85.13529999999996,15007.0,14953.994486059653,2,2,26.99000000000001,25.929889721193092
2026-08-08,IND.5.10_1,24.637000000000004,85.18529999999996,15007.0,14930.397872340427,2,2,26.99000000000001,25.457957446808564
2026-08-09,IND.5.10_1,24.637000000000004,85.18529999999996,15007.0,14930.397872340427,2,2,26.99000000000001,25.457957446808564
2026-08-10,IND.5.10_1,24.637000000000004,85.18529999999996,15007.0,14930.397872340427,2,2,26.99000000000001,25.457957446808564
2026-08-08,IND.5.10_1,24.637000000000004,85.23529999999995,15007.0,14932.696352149991,2,2,26.99000000000001,25.503927042999862
2026-08-09,IND.5.10_1,24.637000000000004,85.23529999999995,15007.0,14932.696352149991,2,2,26.99000000000001,25.503927042999862
2026-08-10,IND.5.10_1,24.637000000000004,85.23529999999995,15007.0,14932.696352149991,2,2,26.99000000000001,25.503927042999862
2026-08-08,IND.5.10_1,24.637000000000004,85.28529999999995,15007.0,14939.86030267753,2,2,26.99000000000001,25.647206053550633
2026-08-09,IND.5.10_1,24.637000000000004,85.28529999999995,15007.0,14939.86030267753,2,2,26.99000000000001,25.647206053550633
2026-08-10,IND.5.10_1,24.637000000000004,85.28529999999995,15007.0,14939.86030267753,2,2,26.99000000000001,25.647206053550633
2026-08-08,IND.5.10_1,24.687000000000005,84.73529999999998,15007.0,14953.994486059653,2,2,26.99000000000001,25.929889721193092
2026-08-09,IND.5.10_1,24.687000000000005,84.73529999999998,15007.0,14953.994486059653,2,2,26.99000000000001,25.929889721193092
2026-08-10,IND.5.10_1,24.687000000000005,84.73529999999998,15007.0,14953.994486059653,2,2,26.99000000000001,25.929889721193092
2026-08-08,IND.5.10_1,24.687000000000005,84.78529999999998,15007.0,14953.994486059653,2,2,26.99000000000001,25.929889721193092
2026-08-09,IND.5.10_1,24.687000000000005,84.78529999999998,15007.0,14953.994486059653,2,2,26.99000000000001,25.929889721193092
2026-08-10,IND.5.10_1,24.687000000000005,84.78529999999998,15007.0,14953.994486059653,2,2,26.99000000000001,25.929889721193092
2026-08-08,IND.5.10_1,24.687000000000005,84.83529999999998,15007.0,14953.994486059653,2,2,26.99000000000001,25.929889721193092
2026-08-09,IND.5.10_1,24.687000000000005,84.83529999999998,15007.0,14953.994486059653,2,2,26.99000000000001,25.929889721193092
2026-08-10,IND.5.10_1,24.687000000000005,84.83529999999998,15007.0,14953.994486059653,2,2,26.99000000000001,25.929889721193092
2026-08-08,IND.5.10_1,24.687000000000005,84.88529999999997,15007.0,14953.994486059653,2,2,26.99000000000001,25.929889721193092
2026-08-09,IND.5.10_1,24.687000000000005,84.88529999999997,15007.0,14953.994486059653,2,2,26.99000000000001,25.929889721193092
2026-08-10,IND.5.10_1,24.687000000000005,84.88529999999997,15007.0,14953.994486059653,2,2,26.99000000000001,25.929889721193092
2026-08-08,IND.5.10_1,24.687000000000005,84.93529999999997,15007.0,14953.994486059653,2,2,26.99000000000001,25.929889721193092
2026-08-09,IND.5.10_1,24.687000000000005,84.93529999999997,15007.0,14953.994486059653,2,2,26.99000000000001,25.929889721193092
2026-08-10,IND.5.10_1,24.687000000000005,84.93529999999997,15007.0,14953.994486059653,2,2,26.99000000000001,25.929889721193092
2026-08-08,IND.5.10_1,24.687000000000005,84.98529999999997,15007.0,14953.994486059653,2,2,26.99000000000001,25.929889721193092
2026-08-09,IND.5.10_1,24.687000000000005,84.98529999999997,15007.0,14953.994486059653,2,2,26.99000000000001,25.929889721193092
2026-08-10,IND.5.10_1,24.687000000000005,84.98529999999997,15007.0,14953.994486059653,2,2,26.99000000000001,25.929889721193092
2026-08-08,IND.5.10_1,24.687000000000005,85.03529999999996,15007.0,14953.994486059653,2,2,26.99000000000001,25.929889721193092
2026-08-09,IND.5.10_1,24.687000000000005,85.03529999999996,15007.0,14953.994486059653,2,2,26.99000000000001,25.929889721193092
2026-08-10,IND.5.10_1,24.687000000000005,85.03529999999996,15007.0,14953.994486059653,2,2,26.99000000000001,25.929889721193092
2026-08-08,IND.5.10_1,24.687000000000005,85.08529999999996,15007.0,14953.994486059653,2,2,26.99000000000001,25.929889721193092
2026-08-09,IND.5.10_1,24.687000000000005,85.08529999999996,15007.0,14953.994486059653,2,2,26.99000000000001,25.929889721193092
2026-08-10,IND.5.10_1,24.687000000000005,85.08529999999996,15007.0,14953.994486059653,2,2,26.99000000000001,25.929889721193092
2026-08-08,IND.5.10_1,24.687000000000005,85.13529999999996,15007.0,14953.994486059653,2,2,26.99000000000001,25.929889721193092
2026-08-09,IND.5.10_1,24.687000000000005,85.13529999999996,15007.0,14953.994486059653,2,2,26.99000000000001,25.929889721193092
2026-08-10,IND.5.10_1,24.687000000000005,85.13529999999996,15007.0,14953.994486059653,2,2,26.99000000000001,25.929889721193092
2026-08-08,IND.5.10_1,24.687000000000005,85.18529999999996,15007.0,14953.994486059653,2,2,26.99000000000001,25.929889721193092
2026-08-09,IND.5.10_1,24.687000000000005,85.18529999999996,15007.0,14953.994486059653,2,2,26.99000000000001,25.929889721193092
2026-08-10,IND.5.10_1,24.687000000000005,85.18529999999996,15007.0,14953.994486059653,2,2,26.99000000000001,25.929889721193092
2026-08-08,IND.5.10_1,24.687000000000005,85.23529999999995,15007.0,14953.994486059653,2,2,26.99000000000001,25.929889721193092
2026-08-09,IND.5.10_1,24.687000000000005,85.23529999999995,15007.0,14953.994486059653,2,2,26.99000000000001,25.929889721193092
2026-08-10,IND.5.10_1,24.687000000000005,85.23529999999995,15007.0,14953.994486059653,2,2,26.99000000000001,25.929889721193092
2026-08-08,IND.5.10_1,24.687000000000005,85.28529999999995,15007.0,14953.994486059653,2,2,26.99000000000001,25.929889721193092
2026-08-09,IND.5.10_1,24.687000000000005,85.28529999999995,15007.0,14953.994486059653,2,2,26.99000000000001,25.929889721193092
2026-08-10,IND.5.10_1,24.687000000000005,85.28529999999995,15007.0,14953.994486059653,2,2,26.99000000000001,25.929889721193092
2026-08-08,IND.5.10_1,24.737000000000005,84.73529999999998,15007.0,14954.031409168081,2,2,26.99000000000001,25.930628183361648
2026-08-09,IND.5.10_1,24.737000000000005,84.73529999999998,15007.0,14954.031409168081,2,2,26.99000000000001,25.930628183361648
2026-08-10,IND.5.10_1,24.737000000000005,84.73529999999998,15007.0,14954.031409168081,2,2,26.99000000000001,25.930628183361648
2026-08-08,IND.5.10_1,24.737000000000005,84.78529999999998,15007.0,14953.994486059653,2,2,26.99000000000001,25.929889721193092
2026-08-09,IND.5.10_1,24.737000000000005,84.78529999999998,15007.0,14953.994486059653,2,2,26.99000000000001,25.929889721193092
2026-08-10,IND.5.10_1,24.737000000000005,84.78529999999998,15007.0,14953.994486059653,2,2,26.99000000000001,25.929889721193092
2026-08-08,IND.5.10_1,24.737000000000005,84.83529999999998,15007.0,14953.994486059653,2,2,26.99000000000001,25.929889721193092
2026-08-09,IND.5.10_1,24.737000000000005,84.83529999999998,15007.0,14953.994486059653,2,2,26.99000000000001,25.929889721193092
2026-08-10,IND.5.10_1,24.737000000000005,84.83529999999998,15007.0,14953.994486059653,2,2,26.99000000000001,25.929889721193092
2026-08-08,IND.5.10_1,24.737000000000005,84.88529999999997,15007.0,14953.994486059653,2,2,26.99000000000001,25.929889721193092
2026-08-09,IND.5.10_1,24.737000000000005,84.88529999999997,15007.0,14953.994486059653,2,2,26.99000000000001,25.929889721193092
2026-08-10,IND.5.10_1,24.737000000000005,84.88529999999997,15007.0,14953.994486059653,2,2,26.99000000000001,25.929889721193092
2026-08-08,IND.5.10_1,24.737000000000005,84.93529999999997,15007.0,14953.994486059653,2,2,26.99000000000001,25.929889721193092
2026-08-09,IND.5.10_1,24.737000000000005,84.93529999999997,15007.0,14953.994486059653,2,2,26.99000000000001,25.929889721193092
2026-08-10,IND.5.10_1,24.737000000000005,84.93529999999997,15007.0,14953.994486059653,2,2,26.99000000000001,25.929889721193092
2026-08-08,IND.5.10_1,24.737000000000005,84.98529999999997,15007.0,14953.994486059653,2,2,26.99000000000001,25.929889721193092
2026-08-09,IND.5.10_1,24.737000000000005,84.98529999999997,15007.0,14953.994486059653,2,2,26.99000000000001,25.929889721193092
2026-08-10,IND.5.10_1,24.737000000000005,84.98529999999997,15007.0,14953.994486059653,2,2,26.99000000000001,25.929889721193092
2026-08-08,IND.5.10_1,24.737000000000005,85.03529999999996,15007.0,14953.994486059653,2,2,26.99000000000001,25.929889721193092
2026-08-09,IND.5.10_1,24.737000000000005,85.03529999999996,15007.0,14953.994486059653,2,2,26.99000000000001,25.929889721193092
2026-08-10,IND.5.10_1,24.737000000000005,85.03529999999996,15007.0,14953.994486059653,2,2,26.99000000000001,25.929889721193092
2026-08-08,IND.5.10_1,24.737000000000005,85.08529999999996,15007.0,14953.994486059653,2,2,26.99000000000001,25.929889721193092
2026-08-09,IND.5.10_1,24.737000000000005,85.08529999999996,15007.0,14953.994486059653,2,2,26.99000000000001,25.929889721193092
2026-08-10,IND.5.10_1,24.737000000000005,85.08529999999996,15007.0,14953.994486059653,2,2,26.99000000000001,25.929889721193092
2026-08-08,IND.5.10_1,24.737000000000005,85.13529999999996,15007.0,14953.994486059653,2,2,26.99000000000001,25.929889721193092
2026-08-09,IND.5.10_1,24.737000000000005,85.13529999999996,15007.0,14953.994486059653,2,2,26.99000000000001,25.929889721193092
2026-08-10,IND.5.10_1,24.737000000000005,85.13529999999996,15007.0,14953.994486059653,2,2,26.99000000000001,25.929889721193092
2026-08-08,IND.5.10_1,24.737000000000005,85.18529999999996,15007.0,14953.994486059653,2,2,26.99000000000001,25.929889721193092
2026-08-09,IND.5.10_1,24.737000000000005,85.18529999999996,15007.0,14953.994486059653,2,2,26.99000000000001,25.929889721193092
2026-08-10,IND.5.10_1,24.737000000000005,85.18529999999996,15007.0,14953.994486059653,2,2,26.99000000000001,25.929889721193092
2026-08-08,IND.5.10_1,24.737000000000005,85.23529999999995,15007.0,14953.994486059653,2,2,26.99000000000001,25.929889721193092
2026-08-09,IND.5.10_1,24.737000000000005,85.23529999999995,15007.0,14953.994486059653,2,2,26.99000000000001,25.929889721193092
2026-08-10,IND.5.10_1,24.737000000000005,85.23529999999995,15007.0,14953.994486059653,2,2,26.99000000000001,25.929889721193092
2026-08-08,IND.5.10_1,24.737000000000005,85.28529999999995,15007.0,14953.994486059653,2,2,26.99000000000001,25.929889721193092
2026-08-09,IND.5.10_1,24.737000000000005,85.28529999999995,15007.0,14953.994486059653,2,2,26.99000000000001,25.929889721193092
2026-08-10,IND.5.10_1,24.737000000000005,85.28529999999995,15007.0,14953.994486059653,2,2,26.99000000000001,25.929889721193092
2026-08-08,IND.5.10_1,24.78700000000001,84.73529999999998,15007.0,14956.162629757788,2,2,26.99000000000001,25.97325259515577
2026-08-09,IND.5.10_1,24.78700000000001,84.73529999999998,15007.0,14956.162629757788,2,2,26.99000000000001,25.97325259515577
2026-08-10,IND.5.10_1,24.78700000000001,84.73529999999998,15007.0,14956.162629757788,2,2,26.99000000000001,25.97325259515577
2026-08-08,IND.5.10_1,24.78700000000001,84.78529999999998,15007.0,14953.994486059653,2,2,26.99000000000001,25.929889721193092
2026-08-09,IND.5.10_1,24.78700000000001,84.78529999999998,15007.0,14953.994486059653,2,2,26.99000000000001,25.929889721193092
2026-08-10,IND.5.10_1,24.78700000000001,84.78529999999998,15007.0,14953.994486059653,2,2,26.99000000000001,25.929889721193092
2026-08-08,IND.5.10_1,24.78700000000001,84.83529999999998,15007.0,14953.994486059653,2,2,26.99000000000001,25.929889721193092
2026-08-09,IND.5.10_1,24.78700000000001,84.83529999999998,15007.0,14953.994486059653,2,2,26.99000000000001,25.929889721193092
2026-08-10,IND.5.10_1,24.78700000000001,84.83529999999998,15007.0,14953.994486059653,2,2,26.99000000000001,25.929889721193092
2026-08-08,IND.5.10_1,24.78700000000001,84.88529999999997,15007.0,14953.994486059653,2,2,26.99000000000001,25.929889721193092
2026-08-09,IND.5.10_1,24.78700000000001,84.88529999999997,15007.0,14953.994486059653,2,2,26.99000000000001,25.929889721193092
2026-08-10,IND.5.10_1,24.78700000000001,84.88529999999997,15007.0,14953.994486059653,2,2,26.99000000000001,25.929889721193092
2026-08-08,IND.5.10_1,24.78700000000001,84.93529999999997,15007.0,14953.994486059653,2,2,26.99000000000001,25.929889721193092
2026-08-09,IND.5.10_1,24.78700000000001,84.93529999999997,15007.0,14953.994486059653,2,2,26.99000000000001,25.929889721193092
2026-08-10,IND.5.10_1,24.78700000000001,84.93529999999997,15007.0,14953.994486059653,2,2,26.99000000000001,25.929889721193092
2026-08-08,IND.5.10_1,24.78700000000001,84.98529999999997,15007.0,14953.994486059653,2,2,26.99000000000001,25.929889721193092
2026-08-09,IND.5.10_1,24.78700000000001,84.98529999999997,15007.0,14953.994486059653,2,2,26.99000000000001,25.929889721193092
2026-08-10,IND.5.10_1,24.78700000000001,84.98529999999997,15007.0,14953.994486059653,2,2,26.99000000000001,25.929889721193092
2026-08-08,IND.5.10_1,24.78700000000001,85.03529999999996,15007.0,14953.994486059653,2,2,26.99000000000001,25.929889721193092
2026-08-09,IND.5.10_1,24.78700000000001,85.03529999999996,15007.0,14953.994486059653,2,2,26.99000000000001,25.929889721193092
2026-08-10,IND.5.10_1,24.78700000000001,85.03529999999996,15007.0,14953.994486059653,2,2,26.99000000000001,25.929889721193092
2026-08-08,IND.5.10_1,24.78700000000001,85.08529999999996,15007.0,14953.994486059653,2,2,26.99000000000001,25.929889721193092
2026-08-09,IND.5.10_1,24.78700000000001,85.08529999999996,15007.0,14953.994486059653,2,2,26.99000000000001,25.929889721193092
2026-08-10,IND.5.10_1,24.78700000000001,85.08529999999996,15007.0,14953.994486059653,2,2,26.99000000000001,25.929889721193092
2026-08-08,IND.5.10_1,24.78700000000001,85.13529999999996,15007.0,14953.994486059653,2,2,26.99000000000001,25.929889721193092
2026-08-09,IND.5.10_1,24.78700000000001,85.13529999999996,15007.0,14953.994486059653,2,2,26.99000000000001,25.929889721193092
2026-08-10,IND.5.10_1,24.78700000000001,85.13529999999996,15007.0,14953.994486059653,2,2,26.99000000000001,25.929889721193092
2026-08-08,IND.5.10_1,24.78700000000001,85.18529999999996,15007.0,14953.994486059653,2,2,26.99000000000001,25.929889721193092
2026-08-09,IND.5.10_1,24.78700000000001,85.18529999999996,15007.0,14953.994486059653,2,2,26.99000000000001,25.929889721193092
2026-08-10,IND.5.10_1,24.78700000000001,85.18529999999996,15007.0,14953.994486059653,2,2,26.99000000000001,25.929889721193092
2026-08-08,IND.5.10_1,24.78700000000001,85.23529999999995,15007.0,14953.994486059653,2,2,26.99000000000001,25.929889721193092
2026-08-09,IND.5.10_1,24.78700000000001,85.23529999999995,15007.0,14953.994486059653,2,2,26.99000000000001,25.929889721193092
2026-08-10,IND.5.10_1,24.78700000000001,85.23529999999995,15007.0,14953.994486059653,2,2,26.99000000000001,25.929889721193092
2026-08-08,IND.5.10_1,24.78700000000001,85.28529999999995,15007.0,14953.994486059653,2,2,26.99000000000001,25.929889721193092
2026-08-09,IND.5.10_1,24.78700000000001,85.28529999999995,15007.0,14953.994486059653,2,2,26.99000000000001,25.929889721193092
2026-08-10,IND.5.10_1,24.78700000000001,85.28529999999995,15007.0,14953.994486059653,2,2,26.99000000000001,25.929889721193092
2026-08-08,IND.5.10_1,24.837000000000007,84.68529999999998,15007.0,14981.266142384105,2,2,26.99000000000001,26.47532284768215
2026-08-09,IND.5.10_1,24.837000000000007,84.68529999999998,15007.0,14981.266142384105,2,2,26.99000000000001,26.47532284768215
2026-08-10,IND.5.10_1,24.837000000000007,84.68529999999998,15007.0,14981.266142384105,2,2,26.99000000000001,26.47532284768215
2026-08-08,IND.5.10_1,24.837000000000007,84.73529999999998,15007.0,14953.994486059653,2,2,26.99000000000001,25.929889721193092
2026-08-09,IND.5.10_1,24.837000000000007,84.73529999999998,15007.0,14953.994486059653,2,2,26.99000000000001,25.929889721193092
2026-08-10,IND.5.10_1,24.837000000000007,84.73529999999998,15007.0,14953.994486059653,2,2,26.99000000000001,25.929889721193092
2026-08-08,IND.5.10_1,24.837000000000007,84.78529999999998,15007.0,14953.994486059653,2,2,26.99000000000001,25.929889721193092
2026-08-09,IND.5.10_1,24.837000000000007,84.78529999999998,15007.0,14953.994486059653,2,2,26.99000000000001,25.929889721193092
2026-08-10,IND.5.10_1,24.837000000000007,84.78529999999998,15007.0,14953.994486059653,2,2,26.99000000000001,25.929889721193092
2026-08-08,IND.5.10_1,24.837000000000007,84.83529999999998,15007.0,14953.994486059653,2,2,26.99000000000001,25.929889721193092
2026-08-09,IND.5.10_1,24.837000000000007,84.83529999999998,15007.0,14953.994486059653,2,2,26.99000000000001,25.929889721193092
2026-08-10,IND.5.10_1,24.837000000000007,84.83529999999998,15007.0,14953.994486059653,2,2,26.99000000000001,25.929889721193092
2026-08-08,IND.5.10_1,24.837000000000007,84.88529999999997,15007.0,14953.994486059653,2,2,26.99000000000001,25.929889721193092
2026-08-09,IND.5.10_1,24.837000000000007,84.88529999999997,15007.0,14953.994486059653,2,2,26.99000000000001,25.929889721193092
2026-08-10,IND.5.10_1,24.837000000000007,84.88529999999997,15007.0,14953.994486059653,2,2,26.99000000000001,25.929889721193092
2026-08-08,IND.5.10_1,24.837000000000007,84.93529999999997,15007.0,14953.994486059653,2,2,26.99000000000001,25.929889721193092
2026-08-09,IND.5.10_1,24.837000000000007,84.93529999999997,15007.0,14953.994486059653,2,2,26.99000000000001,25.929889721193092
2026-08-10,IND.5.10_1,24.837000000000007,84.93529999999997,15007.0,14953.994486059653,2,2,26.99000000000001,25.929889721193092
2026-08-08,IND.5.10_1,24.837000000000007,84.98529999999997,15007.0,14953.994486059653,2,2,26.99000000000001,25.929889721193092
2026-08-09,IND.5.10_1,24.837000000000007,84.98529999999997,15007.0,14953.994486059653,2,2,26.99000000000001,25.929889721193092
2026-08-10,IND.5.10_1,24.837000000000007,84.98529999999997,15007.0,14953.994486059653,2,2,26.99000000000001,25.929889721193092
2026-08-08,IND.5.10_1,24.837000000000007,85.03529999999996,15007.0,14953.994486059653,2,2,26.99000000000001,25.929889721193092
2026-08-09,IND.5.10_1,24.837000000000007,85.03529999999996,15007.0,14953.994486059653,2,2,26.99000000000001,25.929889721193092
2026-08-10,IND.5.10_1,24.837000000000007,85.03529999999996,15007.0,14953.994486059653,2,2,26.99000000000001,25.929889721193092
2026-08-08,IND.5.10_1,24.837000000000007,85.08529999999996,15007.0,14953.994486059653,2,2,26.99000000000001,25.929889721193092
2026-08-09,IND.5.10_1,24.837000000000007,85.08529999999996,15007.0,14953.994486059653,2,2,26.99000000000001,25.929889721193092
2026-08-10,IND.5.10_1,24.837000000000007,85.08529999999996,15007.0,14953.994486059653,2,2,26.99000000000001,25.929889721193092
2026-08-08,IND.5.10_1,24.837000000000007,85.13529999999996,15007.0,14953.994486059653,2,2,26.99000000000001,25.929889721193092
2026-08-09,IND.5.10_1,24.837000000000007,85.13529999999996,15007.0,14953.994486059653,2,2,26.99000000000001,25.929889721193092
2026-08-10,IND.5.10_1,24.837000000000007,85.13529999999996,15007.0,14953.994486059653,2,2,26.99000000000001,25.929889721193092
2026-08-08,IND.5.10_1,24.837000000000007,85.18529999999996,15007.0,14953.994486059653,2,2,26.99000000000001,25.929889721193092
2026-08-09,IND.5.10_1,24.837000000000007,85.18529999999996,15007.0,14953.994486059653,2,2,26.99000000000001,25.929889721193092
2026-08-10,IND.5.10_1,24.837000000000007,85.18529999999996,15007.0,14953.994486059653,2,2,26.99000000000001,25.929889721193092
2026-08-08,IND.5.10_1,24.837000000000007,85.23529999999995,15007.0,14953.994486059653,2,2,26.99000000000001,25.929889721193092
2026-08-09,IND.5.10_1,24.837000000000007,85.23529999999995,15007.0,14953.994486059653,2,2,26.99000000000001,25.929889721193092
2026-08-10,IND.5.10_1,24.837000000000007,85.23529999999995,15007.0,14953.994486059653,2,2,26.99000000000001,25.929889721193092
2026-08-08,IND.5.10_1,24.837000000000007,85.28529999999995,15007.0,14953.994486059653,2,2,26.99000000000001,25.929889721193092
2026-08-09,IND.5.10_1,24.837000000000007,85.28529999999995,15007.0,14953.994486059653,2,2,26.99000000000001,25.929889721193092
2026-08-10,IND.5.10_1,24.837000000000007,85.28529999999995,15007.0,14953.994486059653,2,2,26.99000000000001,25.929889721193092
2026-08-08,IND.5.10_1,24.887000000000008,84.68529999999998,15007.0,14953.994486059653,2,2,26.99000000000001,25.929889721193092
2026-08-09,IND.5.10_1,24.887000000000008,84.68529999999998,15007.0,14953.994486059653,2,2,26.99000000000001,25.929889721193092
2026-08-10,IND.5.10_1,24.887000000000008,84.68529999999998,15007.0,14953.994486059653,2,2,26.99000000000001,25.929889721193092
2026-08-08,IND.5.10_1,24.887000000000008,84.73529999999998,15007.0,14953.994486059653,2,2,26.99000000000001,25.929889721193092
2026-08-09,IND.5.10_1,24.887000000000008,84.73529999999998,15007.0,14953.994486059653,2,2,26.99000000000001,25.929889721193092
2026-08-10,IND.5.10_1,24.887000000000008,84.73529999999998,15007.0,14953.994486059653,2,2,26.99000000000001,25.929889721193092
2026-08-08,IND.5.10_1,24.887000000000008,84.78529999999998,15007.0,14953.994486059653,2,2,26.99000000000001,25.929889721193092
2026-08-09,IND.5.10_1,24.887000000000008,84.78529999999998,15007.0,14953.994486059653,2,2,26.99000000000001,25.929889721193092
2026-08-10,IND.5.10_1,24.887000000000008,84.78529999999998,15007.0,14953.994486059653,2,2,26.99000000000001,25.929889721193092
2026-08-08,IND.5.10_1,24.887000000000008,84.83529999999998,15007.0,14953.994486059653,2,2,26.99000000000001,25.929889721193092
2026-08-09,IND.5.10_1,24.887000000000008,84.83529999999998,15007.0,14953.994486059653,2,2,26.99000000000001,25.929889721193092
2026-08-10,IND.5.10_1,24.887000000000008,84.83529999999998,15007.0,14953.994486059653,2,2,26.99000000000001,25.929889721193092
2026-08-08,IND.5.10_1,24.887000000000008,84.88529999999997,15007.0,14953.994486059653,2,2,26.99000000000001,25.929889721193092
2026-08-09,IND.5.10_1,24.887000000000008,84.88529999999997,15007.0,14953.994486059653,2,2,26.99000000000001,25.929889721193092
2026-08-10,IND.5.10_1,24.887000000000008,84.88529999999997,15007.0,14953.994486059653,2,2,26.99000000000001,25.929889721193092
2026-08-08,IND.5.10_1,24.887000000000008,84.93529999999997,15007.0,14953.994486059653,2,2,26.99000000000001,25.929889721193092
2026-08-09,IND.5.10_1,24.887000000000008,84.93529999999997,15007.0,14953.994486059653,2,2,26.99000000000001,25.929889721193092
2026-08-10,IND.5.10_1,24.887000000000008,84.93529999999997,15007.0,14953.994486059653,2,2,26.99000000000001,25.929889721193092
2026-08-08,IND.5.10_1,24.887000000000008,84.98529999999997,15007.0,14953.994486059653,2,2,26.99000000000001,25.929889721193092
2026-08-09,IND.5.10_1,24.887000000000008,84.98529999999997,15007.0,14953.994486059653,2,2,26.99000000000001,25.929889721193092
2026-08-10,IND.5.10_1,24.887000000000008,84.98529999999997,15007.0,14953.994486059653,2,2,26.99000000000001,25.929889721193092
2026-08-08,IND.5.10_1,24.887000000000008,85.03529999999996,15007.0,14953.994486059653,2,2,26.99000000000001,25.929889721193092
2026-08-09,IND.5.10_1,24.887000000000008,85.03529999999996,15007.0,14953.994486059653,2,2,26.99000000000001,25.929889721193092
2026-08-10,IND.5.10_1,24.887000000000008,85.03529999999996,15007.0,14953.994486059653,2,2,26.99000000000001,25.929889721193092
2026-08-08,IND.5.10_1,24.887000000000008,85.08529999999996,15007.0,14953.994486059653,2,2,26.99000000000001,25.929889721193092
2026-08-09,IND.5.10_1,24.887000000000008,85.08529999999996,15007.0,14953.994486059653,2,2,26.99000000000001,25.929889721193092
2026-08-10,IND.5.10_1,24.887000000000008,85.08529999999996,15007.0,14953.994486059653,2,2,26.99000000000001,25.929889721193092
2026-08-08,IND.5.10_1,24.887000000000008,85.13529999999996,15007.0,14953.994486059653,2,2,26.99000000000001,25.929889721193092
2026-08-09,IND.5.10_1,24.887000000000008,85.13529999999996,15007.0,14953.994486059653,2,2,26.99000000000001,25.929889721193092
2026-08-10,IND.5.10_1,24.887000000000008,85.13529999999996,15007.0,14953.994486059653,2,2,26.99000000000001,25.929889721193092
2026-08-08,IND.5.10_1,24.887000000000008,85.18529999999996,15007.0,14953.994486059653,2,2,26.99000000000001,25.929889721193092
2026-08-09,IND.5.10_1,24.887000000000008,85.18529999999996,15007.0,14953.994486059653,2,2,26.99000000000001,25.929889721193092
2026-08-10,IND.5.10_1,24.887000000000008,85.18529999999996,15007.0,14953.994486059653,2,2,26.99000000000001,25.929889721193092
2026-08-08,IND.5.10_1,24.887000000000008,85.23529999999995,15007.0,14953.994486059653,2,2,26.99000000000001,25.929889721193092
2026-08-09,IND.5.10_1,24.887000000000008,85.23529999999995,15007.0,14953.994486059653,2,2,26.99000000000001,25.929889721193092
2026-08-10,IND.5.10_1,24.887000000000008,85.23529999999995,15007.0,14953.994486059653,2,2,26.99000000000001,25.929889721193092
2026-08-08,IND.5.10_1,24.887000000000008,85.28529999999995,15007.0,14953.994486059653,2,2,26.99000000000001,25.929889721193092
2026-08-09,IND.5.10_1,24.887000000000008,85.28529999999995,15007.0,14953.994486059653,2,2,26.99000000000001,25.929889721193092
2026-08-10,IND.5.10_1,24.887000000000008,85.28529999999995,15007.0,14953.994486059653,2,2,26.99000000000001,25.929889721193092
2026-08-08,IND.5.10_1,24.887000000000008,85.33529999999995,15007.0,14953.994486059653,2,2,26.99000000000001,25.929889721193092
2026-08-09,IND.5.10_1,24.887000000000008,85.33529999999995,15007.0,14953.994486059653,2,2,26.99000000000001,25.929889721193092
2026-08-10,IND.5.10_1,24.887000000000008,85.33529999999995,15007.0,14953.994486059653,2,2,26.99000000000001,25.929889721193092
2026-08-08,IND.5.10_1,24.93700000000001,84.73529999999998,15007.0,14953.994486059653,2,2,26.99000000000001,25.929889721193092
2026-08-09,IND.5.10_1,24.93700000000001,84.73529999999998,15007.0,14953.994486059653,2,2,26.99000000000001,25.929889721193092
2026-08-10,IND.5.10_1,24.93700000000001,84.73529999999998,15007.0,14953.994486059653,2,2,26.99000000000001,25.929889721193092
2026-08-08,IND.5.10_1,24.93700000000001,84.78529999999998,14882.0,14953.994486059653,2,2,24.49000000000001,25.929889721193092
2026-08-09,IND.5.10_1,24.93700000000001,84.78529999999998,14882.0,14953.994486059653,2,2,24.49000000000001,25.929889721193092
2026-08-10,IND.5.10_1,24.93700000000001,84.78529999999998,14882.0,14953.994486059653,2,2,24.49000000000001,25.929889721193092
2026-08-08,IND.5.10_1,24.93700000000001,84.83529999999998,14950.0,14953.994486059653,2,2,25.850000000000023,25.929889721193092
2026-08-09,IND.5.10_1,24.93700000000001,84.83529999999998,14950.0,14953.994486059653,2,2,25.850000000000023,25.929889721193092
2026-08-10,IND.5.10_1,24.93700000000001,84.83529999999998,14950.0,14953.994486059653,2,2,25.850000000000023,25.929889721193092
2026-08-08,IND.5.10_1,24.93700000000001,84.88529999999997,15007.0,14953.994486059653,2,2,26.99000000000001,25.929889721193092
2026-08-09,IND.5.10_1,24.93700000000001,84.88529999999997,15007.0,14953.994486059653,2,2,26.99000000000001,25.929889721193092
2026-08-10,IND.5.10_1,24.93700000000001,84.88529999999997,15007.0,14953.994486059653,2,2,26.99000000000001,25.929889721193092
2026-08-08,IND.5.10_1,24.93700000000001,84.93529999999997,15007.0,14953.994486059653,2,2,26.99000000000001,25.929889721193092
2026-08-09,IND.5.10_1,24.93700000000001,84.93529999999997,15007.0,14953.994486059653,2,2,26.99000000000001,25.929889721193092
2026-08-10,IND.5.10_1,24.93700000000001,84.93529999999997,15007.0,14953.994486059653,2,2,26.99000000000001,25.929889721193092
2026-08-08,IND.5.10_1,24.93700000000001,84.98529999999997,15007.0,14953.994486059653,2,2,26.99000000000001,25.929889721193092
2026-08-09,IND.5.10_1,24.93700000000001,84.98529999999997,15007.0,14953.994486059653,2,2,26.99000000000001,25.929889721193092
2026-08-10,IND.5.10_1,24.93700000000001,84.98529999999997,15007.0,14953.994486059653,2,2,26.99000000000001,25.929889721193092
2026-08-08,IND.5.10_1,24.93700000000001,85.03529999999996,15007.0,14953.994486059653,2,2,26.99000000000001,25.929889721193092
2026-08-09,IND.5.10_1,24.93700000000001,85.03529999999996,15007.0,14953.994486059653,2,2,26.99000000000001,25.929889721193092
2026-08-10,IND.5.10_1,24.93700000000001,85.03529999999996,15007.0,14953.994486059653,2,2,26.99000000000001,25.929889721193092
2026-08-08,IND.5.10_1,24.93700000000001,85.08529999999996,15007.0,14953.994486059653,2,2,26.99000000000001,25.929889721193092
2026-08-09,IND.5.10_1,24.93700000000001,85.08529999999996,15007.0,14953.994486059653,2,2,26.99000000000001,25.929889721193092
2026-08-10,IND.5.10_1,24.93700000000001,85.08529999999996,15007.0,14953.994486059653,2,2,26.99000000000001,25.929889721193092
2026-08-08,IND.5.10_1,24.93700000000001,85.13529999999996,15007.0,14953.994486059653,2,2,26.99000000000001,25.929889721193092
2026-08-09,IND.5.10_1,24.93700000000001,85.13529999999996,15007.0,14953.994486059653,2,2,26.99000000000001,25.929889721193092
2026-08-10,IND.5.10_1,24.93700000000001,85.13529999999996,15007.0,14953.994486059653,2,2,26.99000000000001,25.929889721193092
2026-08-08,IND.5.10_1,24.93700000000001,85.18529999999996,15007.0,14953.994486059653,2,2,26.99000000000001,25.929889721193092
2026-08-09,IND.5.10_1,24.93700000000001,85.18529999999996,15007.0,14953.994486059653,2,2,26.99000000000001,25.929889721193092
2026-08-10,IND.5.10_1,24.93700000000001,85.18529999999996,15007.0,14953.994486059653,2,2,26.99000000000001,25.929889721193092
2026-08-08,IND.5.10_1,24.93700000000001,85.23529999999995,15007.0,14953.994486059653,2,2,26.99000000000001,25.929889721193092
2026-08-09,IND.5.10_1,24.93700000000001,85.23529999999995,15007.0,14953.994486059653,2,2,26.99000000000001,25.929889721193092
2026-08-10,IND.5.10_1,24.93700000000001,85.23529999999995,15007.0,14953.994486059653,2,2,26.99000000000001,25.929889721193092
2026-08-08,IND.5.10_1,24.93700000000001,85.28529999999995,15007.0,14953.994486059653,2,2,26.99000000000001,25.929889721193092
2026-08-09,IND.5.10_1,24.93700000000001,85.28529999999995,15007.0,14953.994486059653,2,2,26.99000000000001,25.929889721193092
2026-08-10,IND.5.10_1,24.93700000000001,85.28529999999995,15007.0,14953.994486059653,2,2,26.99000000000001,25.929889721193092
2026-08-08,IND.5.10_1,24.93700000000001,85.33529999999995,15007.0,14953.994486059653,2,2,26.99000000000001,25.929889721193092
2026-08-09,IND.5.10_1,24.93700000000001,85.33529999999995,15007.0,14953.994486059653,2,2,26.99000000000001,25.929889721193092
2026-08-10,IND.5.10_1,24.93700000000001,85.33529999999995,15007.0,14953.994486059653,2,2,26.99000000000001,25.929889721193092
2026-08-08,IND.5.10_1,24.98700000000001,84.73529999999998,15007.0,14953.994486059653,2,2,26.99000000000001,25.929889721193092
2026-08-09,IND.5.10_1,24.98700000000001,84.73529999999998,15007.0,14953.994486059653,2,2,26.99000000000001,25.929889721193092
2026-08-10,IND.5.10_1,24.98700000000001,84.73529999999998,15007.0,14953.994486059653,2,2,26.99000000000001,25.929889721193092
2026-08-08,IND.5.10_1,24.98700000000001,84.78529999999998,14925.152028762197,14953.994486059653,2,2,25.353040575243995,25.929889721193092
2026-08-09,IND.5.10_1,24.98700000000001,84.78529999999998,14925.152028762197,14953.994486059653,2,2,25.353040575243995,25.929889721193092
2026-08-10,IND.5.10_1,24.98700000000001,84.78529999999998,14925.152028762197,14953.994486059653,2,2,25.353040575243995,25.929889721193092
2026-08-08,IND.5.10_1,24.98700000000001,84.83529999999998,14940.09090909091,14953.994486059653,2,2,25.651818181818214,25.929889721193092
2026-08-09,IND.5.10_1,24.98700000000001,84.83529999999998,14940.09090909091,14953.994486059653,2,2,25.651818181818214,25.929889721193092
2026-08-10,IND.5.10_1,24.98700000000001,84.83529999999998,14940.09090909091,14953.994486059653,2,2,25.651818181818214,25.929889721193092
2026-08-08,IND.5.10_1,24.98700000000001,84.88529999999997,14977.547826086957,14953.994486059653,2,2,26.400956521739147,25.929889721193092
2026-08-09,IND.5.10_1,24.98700000000001,84.88529999999997,14977.547826086957,14953.994486059653,2,2,26.400956521739147,25.929889721193092
2026-08-10,IND.5.10_1,24.98700000000001,84.88529999999997,14977.547826086957,14953.994486059653,2,2,26.400956521739147,25.929889721193092
2026-08-08,IND.5.10_1,24.98700000000001,84.98529999999997,15012.0,14953.994486059653,2,2,27.090000000000032,25.929889721193092
2026-08-09,IND.5.10_1,24.98700000000001,84.98529999999997,15012.0,14953.994486059653,2,2,27.090000000000032,25.929889721193092
2026-08-10,IND.5.10_1,24.98700000000001,84.98529999999997,15012.0,14953.994486059653,2,2,27.090000000000032,25.929889721193092
2026-08-08,IND.5.10_1,24.98700000000001,85.03529999999996,14966.460055096419,14953.994486059653,2,2,26.179201101928413,25.929889721193092
2026-08-09,IND.5.10_1,24.98700000000001,85.03529999999996,14966.460055096419,14953.994486059653,2,2,26.179201101928413,25.929889721193092
2026-08-10,IND.5.10_1,24.98700000000001,85.03529999999996,14966.460055096419,14953.994486059653,2,2,26.179201101928413,25.929889721193092
2026-08-08,IND.5.10_1,24.98700000000001,85.08529999999996,14954.132054992764,14953.994486059653,2,2,25.93264109985529,25.929889721193092
2026-08-09,IND.5.10_1,24.98700000000001,85.08529999999996,14954.132054992764,14953.994486059653,2,2,25.93264109985529,25.929889721193092
2026-08-10,IND.5.10_1,24.98700000000001,85.08529999999996,14954.132054992764,14953.994486059653,2,2,25.93264109985529,25.929889721193092
2026-08-08,IND.5.10_1,24.98700000000001,85.13529999999996,15007.0,14953.994486059653,2,2,26.99000000000001,25.929889721193092
2026-08-09,IND.5.10_1,24.98700000000001,85.13529999999996,15007.0,14953.994486059653,2,2,26.99000000000001,25.929889721193092
2026-08-10,IND.5.10_1,24.98700000000001,85.13529999999996,15007.0,14953.994486059653,2,2,26.99000000000001,25.929889721193092
2026-08-08,IND.5.10_1,24.98700000000001,85.18529999999996,15007.0,14953.994486059653,2,2,26.99000000000001,25.929889721193092
2026-08-09,IND.5.10_1,24.98700000000001,85.18529999999996,15007.0,14953.994486059653,2,2,26.99000000000001,25.929889721193092
2026-08-10,IND.5.10_1,24.98700000000001,85.18529999999996,15007.0,14953.994486059653,2,2,26.99000000000001,25.929889721193092
2026-08-08,IND.5.10_1,24.98700000000001,85.23529999999995,15007.0,14953.994486059653,2,2,26.99000000000001,25.929889721193092
2026-08-09,IND.5.10_1,24.98700000000001,85.23529999999995,15007.0,14953.994486059653,2,2,26.99000000000001,25.929889721193092
2026-08-10,IND.5.10_1,24.98700000000001,85.23529999999995,15007.0,14953.994486059653,2,2,26.99000000000001,25.929889721193092
2026-08-08,IND.5.10_1,24.98700000000001,85.28529999999995,15007.0,14953.994486059653,2,2,26.99000000000001,25.929889721193092
2026-08-09,IND.5.10_1,24.98700000000001,85.28529999999995,15007.0,14953.994486059653,2,2,26.99000000000001,25.929889721193092
2026-08-10,IND.5.10_1,24.98700000000001,85.28529999999995,15007.0,14953.994486059653,2,2,26.99000000000001,25.929889721193092
2026-08-08,IND.5.10_1,24.98700000000001,85.33529999999995,15007.0,14953.994486059653,2,2,26.99000000000001,25.929889721193092
2026-08-09,IND.5.10_1,24.98700000000001,85.33529999999995,15007.0,14953.994486059653,2,2,26.99000000000001,25.929889721193092
2026-08-10,IND.5.10_1,24.98700000000001,85.33529999999995,15007.0,14953.994486059653,2,2,26.99000000000001,25.929889721193092
2026-08-08,IND.5.10_1,25.03700000000001,84.73529999999998,15007.0,14953.994486059653,2,2,26.99000000000001,25.929889721193092
2026-08-09,IND.5.10_1,25.03700000000001,84.73529999999998,15007.0,14953.994486059653,2,2,26.99000000000001,25.929889721193092
2026-08-10,IND.5.10_1,25.03700000000001,84.73529999999998,15007.0,14953.994486059653,2,2,26.99000000000001,25.929889721193092
2026-08-08,IND.5.10_1,25.03700000000001,84.78529999999998,14920.0,14953.994486059653,2,2,25.250000000000057,25.929889721193092
2026-08-09,IND.5.10_1,25.03700000000001,84.78529999999998,14920.0,14953.994486059653,2,2,25.250000000000057,25.929889721193092
2026-08-10,IND.5.10_1,25.03700000000001,84.78529999999998,14920.0,14953.994486059653,2,2,25.250000000000057,25.929889721193092
2026-08-08,IND.5.10_1,25.03700000000001,84.83529999999998,14952.549327354262,14953.994486059653,2,2,25.900986547085267,25.929889721193092
2026-08-09,IND.5.10_1,25.03700000000001,84.83529999999998,14952.549327354262,14953.994486059653,2,2,25.900986547085267,25.929889721193092
2026-08-10,IND.5.10_1,25.03700000000001,84.83529999999998,14952.549327354262,14953.994486059653,2,2,25.900986547085267,25.929889721193092
2026-08-08,IND.5.10_1,25.03700000000001,85.13529999999996,15007.0,14953.994486059653,2,2,26.99000000000001,25.929889721193092
2026-08-09,IND.5.10_1,25.03700000000001,85.13529999999996,15007.0,14953.994486059653,2,2,26.99000000000001,25.929889721193092
2026-08-10,IND.5.10_1,25.03700000000001,85.13529999999996,15007.0,14953.994486059653,2,2,26.99000000000001,25.929889721193092
2026-08-08,IND.5.10_1,25.03700000000001,85.18529999999996,15007.0,14953.994486059653,2,2,26.99000000000001,25.929889721193092
2026-08-09,IND.5.10_1,25.03700000000001,85.18529999999996,15007.0,14953.994486059653,2,2,26.99000000000001,25.929889721193092
2026-08-10,IND.5.10_1,25.03700000000001,85.18529999999996,15007.0,14953.994486059653,2,2,26.99000000000001,25.929889721193092
2026-08-08,IND.5.10_1,25.03700000000001,85.23529999999995,15007.0,14953.994486059653,2,2,26.99000000000001,25.929889721193092
2026-08-09,IND.5.10_1,25.03700000000001,85.23529999999995,15007.0,14953.994486059653,2,2,26.99000000000001,25.929889721193092
2026-08-10,IND.5.10_1,25.03700000000001,85.23529999999995,15007.0,14953.994486059653,2,2,26.99000000000001,25.929889721193092
2026-08-08,IND.5.5_1,25.287000000000013,86.1352999999999,15007.0,14953.994486059653,2,2,26.99000000000001,25.929889721193092
2026-08-09,IND.5.5_1,25.287000000000013,86.1352999999999,15007.0,14953.994486059653,2,2,26.99000000000001,25.929889721193092
2026-08-10,IND.5.5_1,25.287000000000013,86.1352999999999,15007.0,14953.994486059653,2,2,26.99000000000001,25.929889721193092
2026-08-08,IND.5.5_1,25.287000000000013,86.1852999999999,15007.0,14953.994486059653,2,2,26.99000000000001,25.929889721193092
2026-08-09,IND.5.5_1,25.287000000000013,86.1852999999999,15007.0,14953.994486059653,2,2,26.99000000000001,25.929889721193092
2026-08-10,IND.5.5_1,25.287000000000013,86.1852999999999,15007.0,14953.994486059653,2,2,26.99000000000001,25.929889721193092
2026-08-08,IND.5.5_1,25.287000000000013,86.2352999999999,15007.0,14953.994486059653,2,2,26.99000000000001,25.929889721193092
2026-08-09,IND.5.5_1,25.287000000000013,86.2352999999999,15007.0,14953.994486059653,2,2,26.99000000000001,25.929889721193092
2026-08-10,IND.5.5_1,25.287000000000013,86.2352999999999,15007.0,14953.994486059653,2,2,26.99000000000001,25.929889721193092
2026-08-08,IND.5.15_1,25.287000000000013,87.73529999999981,14981.0,14953.994486059653,2,2,26.470000000000027,25.929889721193092
2026-08-09,IND.5.15_1,25.287000000000013,87.73529999999981,14981.0,14953.994486059653,2,2,26.470000000000027,25.929889721193092
2026-08-10,IND.5.15_1,25.287000000000013,87.73529999999981,14981.0,14953.994486059653,2,2,26.470000000000027,25.929889721193092
2026-08-08,IND.5.15_1,25.287000000000013,87.78529999999981,15004.36111111111,14953.994486059653,2,2,26.937222222222204,25.929889721193092
2026-08-09,IND.5.15_1,25.287000000000013,87.78529999999981,15004.36111111111,14953.994486059653,2,2,26.937222222222204,25.929889721193092
2026-08-10,IND.5.15_1,25.287000000000013,87.78529999999981,15004.36111111111,14953.994486059653,2,2,26.937222222222204,25.929889721193092
2026-08-08,IND.5.15_1,25.287000000000013,87.8352999999998,15007.0,14953.994486059653,2,2,26.99000000000001,25.929889721193092
2026-08-09,IND.5.15_1,25.287000000000013,87.8352999999998,15007.0,14953.994486059653,2,2,26.99000000000001,25.929889721193092
2026-08-10,IND.5.15_1,25.287000000000013,87.8352999999998,15007.0,14953.994486059653,2,2,26.99000000000001,25.929889721193092
2026-08-08,IND.5.5_1,25.33700000000001,86.0852999999999,15007.0,14953.994486059653,2,2,26.99000000000001,25.929889721193092
2026-08-09,IND.5.5_1,25.33700000000001,86.0852999999999,15007.0,14953.994486059653,2,2,26.99000000000001,25.929889721193092
2026-08-10,IND.5.5_1,25.33700000000001,86.0852999999999,15007.0,14953.994486059653,2,2,26.99000000000001,25.929889721193092
2026-08-08,IND.5.5_1,25.33700000000001,86.1352999999999,15007.0,14953.994486059653,2,2,26.99000000000001,25.929889721193092
2026-08-09,IND.5.5_1,25.33700000000001,86.1352999999999,15007.0,14953.994486059653,2,2,26.99000000000001,25.929889721193092
2026-08-10,IND.5.5_1,25.33700000000001,86.1352999999999,15007.0,14953.994486059653,2,2,26.99000000000001,25.929889721193092
2026-08-08,IND.5.5_1,25.33700000000001,86.1852999999999,15007.0,14953.994486059653,2,2,26.99000000000001,25.929889721193092
2026-08-09,IND.5.5_1,25.33700000000001,86.1852999999999,15007.0,14953.994486059653,2,2,26.99000000000001,25.929889721193092
2026-08-10,IND.5.5_1,25.33700000000001,86.1852999999999,15007.0,14953.994486059653,2,2,26.99000000000001,25.929889721193092
2026-08-08,IND.5.5_1,25.33700000000001,86.2352999999999,15007.0,14953.994486059653,2,2,26.99000000000001,25.929889721193092
2026-08-09,IND.5.5_1,25.33700000000001,86.2352999999999,15007.0,14953.994486059653,2,2,26.99000000000001,25.929889721193092
2026-08-10,IND.5.5_1,25.33700000000001,86.2352999999999,15007.0,14953.994486059653,2,2,26.99000000000001,25.929889721193092
2026-08-08,IND.5.5_1,25.33700000000001,86.28529999999989,15007.0,14953.994486059653,2,2,26.99000000000001,25.929889721193092
2026-08-09,IND.5.5_1,25.33700000000001,86.28529999999989,15007.0,14953.994486059653,2,2,26.99000000000001,25.929889721193092
2026-08-10,IND.5.5_1,25.33700000000001,86.28529999999989,15007.0,14953.994486059653,2,2,26.99000000000001,25.929889721193092
2026-08-08,IND.5.15_1,25.33700000000001,87.53529999999982,15007.0,14953.994486059653,2,2,26.99000000000001,25.929889721193092
2026-08-09,IND.5.15_1,25.33700000000001,87.53529999999982,15007.0,14953.994486059653,2,2,26.99000000000001,25.929889721193092
2026-08-10,IND.5.15_1,25.33700000000001,87.53529999999982,15007.0,14953.994486059653,2,2,26.99000000000001,25.929889721193092
2026-08-08,IND.5.15_1,25.33700000000001,87.58529999999982,15007.0,14953.994486059653,2,2,26.99000000000001,25.929889721193092
2026-08-09,IND.5.15_1,25.33700000000001,87.58529999999982,15007.0,14953.994486059653,2,2,26.99000000000001,25.929889721193092
2026-08-10,IND.5.15_1,25.33700000000001,87.58529999999982,15007.0,14953.994486059653,2,2,26.99000000000001,25.929889721193092
2026-08-08,IND.5.15_1,25.33700000000001,87.63529999999982,15007.0,14953.994486059653,2,2,26.99000000000001,25.929889721193092
2026-08-09,IND.5.15_1,25.33700000000001,87.63529999999982,15007.0,14953.994486059653,2,2,26.99000000000001,25.929889721193092
2026-08-10,IND.5.15_1,25.33700000000001,87.63529999999982,15007.0,14953.994486059653,2,2,26.99000000000001,25.929889721193092
2026-08-08,IND.5.15_1,25.33700000000001,87.68529999999981,15007.0,14953.994486059653,2,2,26.99000000000001,25.929889721193092
2026-08-09,IND.5.15_1,25.33700000000001,87.68529999999981,15007.0,14953.994486059653,2,2,26.99000000000001,25.929889721193092
2026-08-10,IND.5.15_1,25.33700000000001,87.68529999999981,15007.0,14953.994486059653,2,2,26.99000000000001,25.929889721193092
2026-08-08,IND.5.15_1,25.33700000000001,87.73529999999981,15007.0,14953.994486059653,2,2,26.99000000000001,25.929889721193092
2026-08-09,IND.5.15_1,25.33700000000001,87.73529999999981,15007.0,14953.994486059653,2,2,26.99000000000001,25.929889721193092
2026-08-10,IND.5.15_1,25.33700000000001,87.73529999999981,15007.0,14953.994486059653,2,2,26.99000000000001,25.929889721193092
2026-08-08,IND.5.5_1,25.38700000000001,86.0852999999999,15007.0,14953.994486059653,2,2,26.99000000000001,25.929889721193092
2026-08-09,IND.5.5_1,25.38700000000001,86.0852999999999,15007.0,14953.994486059653,2,2,26.99000000000001,25.929889721193092
2026-08-10,IND.5.5_1,25.38700000000001,86.0852999999999,15007.0,14953.994486059653,2,2,26.99000000000001,25.929889721193092
2026-08-08,IND.5.5_1,25.38700000000001,86.1352999999999,15007.0,14953.994486059653,2,2,26.99000000000001,25.929889721193092
2026-08-09,IND.5.5_1,25.38700000000001,86.1352999999999,15007.0,14953.994486059653,2,2,26.99000000000001,25.929889721193092
2026-08-10,IND.5.5_1,25.38700000000001,86.1352999999999,15007.0,14953.994486059653,2,2,26.99000000000001,25.929889721193092
2026-08-08,IND.5.5_1,25.38700000000001,86.1852999999999,15007.0,14953.994486059653,2,2,26.99000000000001,25.929889721193092
2026-08-09,IND.5.5_1,25.38700000000001,86.1852999999999,15007.0,14953.994486059653,2,2,26.99000000000001,25.929889721193092
2026-08-10,IND.5.5_1,25.38700000000001,86.1852999999999,15007.0,14953.994486059653,2,2,26.99000000000001,25.929889721193092
2026-08-08,IND.5.5_1,25.38700000000001,86.2352999999999,15007.0,14953.994486059653,2,2,26.99000000000001,25.929889721193092
2026-08-09,IND.5.5_1,25.38700000000001,86.2352999999999,15007.0,14953.994486059653,2,2,26.99000000000001,25.929889721193092
2026-08-10,IND.5.5_1,25.38700000000001,86.2352999999999,15007.0,14953.994486059653,2,2,26.99000000000001,25.929889721193092
2026-08-08,IND.5.5_1,25.38700000000001,86.28529999999989,15007.0,14953.994486059653,2,2,26.99000000000001,25.929889721193092
2026-08-09,IND.5.5_1,25.38700000000001,86.28529999999989,15007.0,14953.994486059653,2,2,26.99000000000001,25.929889721193092
2026-08-10,IND.5.5_1,25.38700000000001,86.28529999999989,15007.0,14953.994486059653,2,2,26.99000000000001,25.929889721193092
2026-08-08,IND.5.5_1,25.38700000000001,86.33529999999989,14980.90083135392,14953.994486059653,2,2,26.46801662707844,25.929889721193092
2026-08-09,IND.5.5_1,25.38700000000001,86.33529999999989,14980.90083135392,14953.994486059653,2,2,26.46801662707844,25.929889721193092
2026-08-10,IND.5.5_1,25.38700000000001,86.33529999999989,14980.90083135392,14953.994486059653,2,2,26.46801662707844,25.929889721193092
2026-08-08,IND.5.5_1,25.38700000000001,86.38529999999989,14996.176273458443,14953.994486059653,2,2,26.773525469168874,25.929889721193092
2026-08-09,IND.5.5_1,25.38700000000001,86.38529999999989,14996.176273458443,14953.994486059653,2,2,26.773525469168874,25.929889721193092
2026-08-10,IND.5.5_1,25.38700000000001,86.38529999999989,14996.176273458443,14953.994486059653,2,2,26.773525469168874,25.929889721193092
2026-08-08,IND.5.15_1,25.38700000000001,87.23529999999984,15007.0,14953.994486059653,2,2,26.99000000000001,25.929889721193092
2026-08-09,IND.5.15_1,25.38700000000001,87.23529999999984,15007.0,14953.994486059653,2,2,26.99000000000001,25.929889721193092
2026-08-10,IND.5.15_1,25.38700000000001,87.23529999999984,15007.0,14953.994486059653,2,2,26.99000000000001,25.929889721193092
2026-08-08,IND.5.15_1,25.38700000000001,87.43529999999983,15007.0,14953.994486059653,2,2,26.99000000000001,25.929889721193092
2026-08-09,IND.5.15_1,25.38700000000001,87.43529999999983,15007.0,14953.994486059653,2,2,26.99000000000001,25.929889721193092
2026-08-10,IND.5.15_1,25.38700000000001,87.43529999999983,15007.0,14953.994486059653,2,2,26.99000000000001,25.929889721193092
2026-08-08,IND.5.15_1,25.38700000000001,87.48529999999982,15007.0,14953.994486059653,2,2,26.99000000000001,25.929889721193092
2026-08-09,IND.5.15_1,25.38700000000001,87.48529999999982,15007.0,14953.994486059653,2,2,26.99000000000001,25.929889721193092
2026-08-10,IND.5.15_1,25.38700000000001,87.48529999999982,15007.0,14953.994486059653,2,2,26.99000000000001,25.929889721193092
2026-08-08,IND.5.15_1,25.38700000000001,87.53529999999982,15007.0,14953.994486059653,2,2,26.99000000000001,25.929889721193092
2026-08-09,IND.5.15_1,25.38700000000001,87.53529999999982,15007.0,14953.994486059653,2,2,26.99000000000001,25.929889721193092
2026-08-10,IND.5.15_1,25.38700000000001,87.53529999999982,15007.0,14953.994486059653,2,2,26.99000000000001,25.929889721193092
2026-08-08,IND.5.15_1,25.38700000000001,87.58529999999982,15007.0,14953.994486059653,2,2,26.99000000000001,25.929889721193092
2026-08-09,IND.5.15_1,25.38700000000001,87.58529999999982,15007.0,14953.994486059653,2,2,26.99000000000001,25.929889721193092
2026-08-10,IND.5.15_1,25.38700000000001,87.58529999999982,15007.0,14953.994486059653,2,2,26.99000000000001,25.929889721193092
2026-08-08,IND.5.15_1,25.38700000000001,87.63529999999982,15007.0,14953.994486059653,2,2,26.99000000000001,25.929889721193092
2026-08-09,IND.5.15_1,25.38700000000001,87.63529999999982,15007.0,14953.994486059653,2,2,26.99000000000001,25.929889721193092
2026-08-10,IND.5.15_1,25.38700000000001,87.63529999999982,15007.0,14953.994486059653,2,2,26.99000000000001,25.929889721193092
2026-08-08,IND.5.15_1,25.38700000000001,87.68529999999981,15007.0,14953.994486059653,2,2,26.99000000000001,25.929889721193092
2026-08-09,IND.5.15_1,25.38700000000001,87.68529999999981,15007.0,14953.994486059653,2,2,26.99000000000001,25.929889721193092
2026-08-10,IND.5.15_1,25.38700000000001,87.68529999999981,15007.0,14953.994486059653,2,2,26.99000000000001,25.929889721193092
2026-08-08,IND.5.15_1,25.38700000000001,87.73529999999981,15007.0,14953.994486059653,2,2,26.99000000000001,25.929889721193092
2026-08-09,IND.5.15_1,25.38700000000001,87.73529999999981,15007.0,14953.994486059653,2,2,26.99000000000001,25.929889721193092
2026-08-10,IND.5.15_1,25.38700000000001,87.73529999999981,15007.0,14953.994486059653,2,2,26.99000000000001,25.929889721193092
2026-08-08,IND.5.5_1,25.43700000000001,85.88529999999992,15007.0,14953.994486059653,2,2,26.99000000000001,25.929889721193092
2026-08-09,IND.5.5_1,25.43700000000001,85.88529999999992,15007.0,14953.994486059653,2,2,26.99000000000001,25.929889721193092
2026-08-10,IND.5.5_1,25.43700000000001,85.88529999999992,15007.0,14953.994486059653,2,2,26.99000000000001,25.929889721193092
2026-08-08,IND.5.5_1,25.43700000000001,85.93529999999991,15007.0,14953.994486059653,2,2,26.99000000000001,25.929889721193092
2026-08-09,IND.5.5_1,25.43700000000001,85.93529999999991,15007.0,14953.994486059653,2,2,26.99000000000001,25.929889721193092
2026-08-10,IND.5.5_1,25.43700000000001,85.93529999999991,15007.0,14953.994486059653,2,2,26.99000000000001,25.929889721193092
2026-08-08,IND.5.5_1,25.43700000000001,85.98529999999991,15007.0,14953.994486059653,2,2,26.99000000000001,25.929889721193092
2026-08-09,IND.5.5_1,25.43700000000001,85.98529999999991,15007.0,14953.994486059653,2,2,26.99000000000001,25.929889721193092
2026-08-10,IND.5.5_1,25.43700000000001,85.98529999999991,15007.0,14953.994486059653,2,2,26.99000000000001,25.929889721193092
2026-08-08,IND.5.5_1,25.43700000000001,86.0352999999999,15007.0,14953.994486059653,2,2,26.99000000000001,25.929889721193092
2026-08-09,IND.5.5_1,25.43700000000001,86.0352999999999,15007.0,14953.994486059653,2,2,26.99000000000001,25.929889721193092
2026-08-10,IND.5.5_1,25.43700000000001,86.0352999999999,15007.0,14953.994486059653,2,2,26.99000000000001,25.929889721193092
2026-08-08,IND.5.5_1,25.43700000000001,86.0852999999999,14967.917808219177,14953.994486059653,2,2,26.208356164383588,25.929889721193092
2026-08-09,IND.5.5_1,25.43700000000001,86.0852999999999,14967.917808219177,14953.994486059653,2,2,26.208356164383588,25.929889721193092
2026-08-10,IND.5.5_1,25.43700000000001,86.0852999999999,14967.917808219177,14953.994486059653,2,2,26.208356164383588,25.929889721193092
2026-08-08,IND.5.5_1,25.43700000000001,86.1352999999999,14964.0,14953.994486059653,2,2,26.130000000000052,25.929889721193092
2026-08-09,IND.5.5_1,25.43700000000001,86.1352999999999,14964.0,14953.994486059653,2,2,26.130000000000052,25.929889721193092
2026-08-10,IND.5.5_1,25.43700000000001,86.1352999999999,14964.0,14953.994486059653,2,2,26.130000000000052,25.929889721193092
2026-08-08,IND.5.5_1,25.43700000000001,86.1852999999999,14964.0,14953.994486059653,2,2,26.130000000000052,25.929889721193092
2026-08-09,IND.5.5_1,25.43700000000001,86.1852999999999,14964.0,14953.994486059653,2,2,26.130000000000052,25.929889721193092
2026-08-10,IND.5.5_1,25.43700000000001,86.1852999999999,14964.0,14953.994486059653,2,2,26.130000000000052,25.929889721193092
2026-08-08,IND.5.5_1,25.43700000000001,86.2352999999999,15007.0,14953.994486059653,2,2,26.99000000000001,25.929889721193092
2026-08-09,IND.5.5_1,25.43700000000001,86.2352999999999,15007.0,14953.994486059653,2,2,26.99000000000001,25.929889721193092
2026-08-10,IND.5.5_1,25.43700000000001,86.2352999999999,15007.0,14953.994486059653,2,2,26.99000000000001,25.929889721193092
2026-08-08,IND.5.5_1,25.43700000000001,86.28529999999989,14977.0,14953.994486059653,2,2,26.390000000000043,25.929889721193092
2026-08-09,IND.5.5_1,25.43700000000001,86.28529999999989,14977.0,14953.994486059653,2,2,26.390000000000043,25.929889721193092
2026-08-10,IND.5.5_1,25.43700000000001,86.28529999999989,14977.0,14953.994486059653,2,2,26.390000000000043,25.929889721193092
2026-08-08,IND.5.5_1,25.43700000000001,86.33529999999989,14968.284031085484,14953.994486059653,2,2,26.215680621709737,25.929889721193092
2026-08-09,IND.5.5_1,25.43700000000001,86.33529999999989,14968.284031085484,14953.994486059653,2,2,26.215680621709737,25.929889721193092
2026-08-10,IND.5.5_1,25.43700000000001,86.33529999999989,14968.284031085484,14953.994486059653,2,2,26.215680621709737,25.929889721193092
2026-08-08,IND.5.5_1,25.43700000000001,86.38529999999989,14975.906106730241,14953.994486059653,2,2,26.368122134604846,25.929889721193092
2026-08-09,IND.5.5_1,25.43700000000001,86.38529999999989,14975.906106730241,14953.994486059653,2,2,26.368122134604846,25.929889721193092
2026-08-10,IND.5.5_1,25.43700000000001,86.38529999999989,14975.906106730241,14953.994486059653,2,2,26.368122134604846,25.929889721193092
2026-08-08,IND.5.5_1,25.43700000000001,86.43529999999988,14973.721529509563,14953.994486059653,2,2,26.324430590191298,25.929889721193092
2026-08-09,IND.5.5_1,25.43700000000001,86.43529999999988,14998.360764754781,14953.994486059653,2,2,26.81721529509565,25.929889721193092
2026-08-10,IND.5.5_1,25.43700000000001,86.43529999999988,15023.0,14953.994486059653,2,2,27.310000000000002,25.929889721193092
2026-08-08,IND.5.15_1,25.43700000000001,87.23529999999984,15007.0,14953.994486059653,2,2,26.99000000000001,25.929889721193092
2026-08-09,IND.5.15_1,25.43700000000001,87.23529999999984,15007.0,14953.994486059653,2,2,26.99000000000001,25.929889721193092
2026-08-10,IND.5.15_1,25.43700000000001,87.23529999999984,15007.0,14953.994486059653,2,2,26.99000000000001,25.929889721193092
2026-08-08,IND.5.15_1,25.43700000000001,87.28529999999984,15007.0,14953.994486059653,2,2,26.99000000000001,25.929889721193092
2026-08-09,IND.5.15_1,25.43700000000001,87.28529999999984,15007.0,14953.994486059653,2,2,26.99000000000001,25.929889721193092
2026-08-10,IND.5.15_1,25.43700000000001,87.28529999999984,15007.0,14953.994486059653,2,2,26.99000000000001,25.929889721193092
2026-08-08,IND.5.15_1,25.43700000000001,87.33529999999983,15007.0,14953.994486059653,2,2,26.99000000000001,25.929889721193092
2026-08-09,IND.5.15_1,25.43700000000001,87.33529999999983,15007.0,14953.994486059653,2,2,26.99000000000001,25.929889721193092
2026-08-10,IND.5.15_1,25.43700000000001,87.33529999999983,15007.0,14953.994486059653,2,2,26.99000000000001,25.929889721193092
2026-08-08,IND.5.15_1,25.43700000000001,87.38529999999983,15007.0,14953.994486059653,2,2,26.99000000000001,25.929889721193092
2026-08-09,IND.5.15_1,25.43700000000001,87.38529999999983,15007.0,14953.994486059653,2,2,26.99000000000001,25.929889721193092
2026-08-10,IND.5.15_1,25.43700000000001,87.38529999999983,15007.0,14953.994486059653,2,2,26.99000000000001,25.929889721193092
2026-08-08,IND.5.15_1,25.43700000000001,87.43529999999983,15007.0,14953.994486059653,2,2,26.99000000000001,25.929889721193092
2026-08-09,IND.5.15_1,25.43700000000001,87.43529999999983,15007.0,14953.994486059653,2,2,26.99000000000001,25.929889721193092
2026-08-10,IND.5.15_1,25.43700000000001,87.43529999999983,15007.0,14953.994486059653,2,2,26.99000000000001,25.929889721193092
2026-08-08,IND.5.15_1,25.43700000000001,87.48529999999982,15007.0,14953.994486059653,2,2,26.99000000000001,25.929889721193092
2026-08-09,IND.5.15_1,25.43700000000001,87.48529999999982,15007.0,14953.994486059653,2,2,26.99000000000001,25.929889721193092
2026-08-10,IND.5.15_1,25.43700000000001,87.48529999999982,15007.0,14953.994486059653,2,2,26.99000000000001,25.929889721193092
2026-08-08,IND.5.15_1,25.43700000000001,87.53529999999982,15007.0,14953.994486059653,2,2,26.99000000000001,25.929889721193092
2026-08-09,IND.5.15_1,25.43700000000001,87.53529999999982,15007.0,14953.994486059653,2,2,26.99000000000001,25.929889721193092
2026-08-10,IND.5.15_1,25.43700000000001,87.53529999999982,15007.0,14953.994486059653,2,2,26.99000000000001,25.929889721193092
2026-08-08,IND.5.15_1,25.43700000000001,87.58529999999982,15007.0,14953.994486059653,2,2,26.99000000000001,25.929889721193092
2026-08-09,IND.5.15_1,25.43700000000001,87.58529999999982,15007.0,14953.994486059653,2,2,26.99000000000001,25.929889721193092
2026-08-10,IND.5.15_1,25.43700000000001,87.58529999999982,15007.0,14953.994486059653,2,2,26.99000000000001,25.929889721193092
2026-08-08,IND.5.15_1,25.43700000000001,87.63529999999982,15007.0,14953.994486059653,2,2,26.99000000000001,25.929889721193092
2026-08-09,IND.5.15_1,25.43700000000001,87.63529999999982,15007.0,14953.994486059653,2,2,26.99000000000001,25.929889721193092
2026-08-10,IND.5.15_1,25.43700000000001,87.63529999999982,15007.0,14953.994486059653,2,2,26.99000000000001,25.929889721193092
2026-08-08,IND.5.15_1,25.43700000000001,87.68529999999981,15007.0,14953.994486059653,2,2,26.99000000000001,25.929889721193092
2026-08-09,IND.5.15_1,25.43700000000001,87.68529999999981,15007.0,14953.994486059653,2,2,26.99000000000001,25.929889721193092
2026-08-10,IND.5.15_1,25.43700000000001,87.68529999999981,15007.0,14953.994486059653,2,2,26.99000000000001,25.929889721193092
2026-08-08,IND.5.15_1,25.43700000000001,87.73529999999981,15007.0,14953.994486059653,2,2,26.99000000000001,25.929889721193092
2026-08-09,IND.5.15_1,25.43700000000001,87.73529999999981,15007.0,14953.994486059653,2,2,26.99000000000001,25.929889721193092
2026-08-10,IND.5.15_1,25.43700000000001,87.73529999999981,15007.0,14953.994486059653,2,2,26.99000000000001,25.929889721193092
2026-08-08,IND.5.5_1,25.487000000000016,85.88529999999992,15007.0,14953.994486059653,2,2,26.99000000000001,25.929889721193092
2026-08-09,IND.5.5_1,25.487000000000016,85.88529999999992,15007.0,14953.994486059653,2,2,26.99000000000001,25.929889721193092
2026-08-10,IND.5.5_1,25.487000000000016,85.88529999999992,15007.0,14953.994486059653,2,2,26.99000000000001,25.929889721193092
2026-08-08,IND.5.5_1,25.487000000000016,85.93529999999991,15007.0,14953.994486059653,2,2,26.99000000000001,25.929889721193092
2026-08-09,IND.5.5_1,25.487000000000016,85.93529999999991,15007.0,14953.994486059653,2,2,26.99000000000001,25.929889721193092
2026-08-10,IND.5.5_1,25.487000000000016,85.93529999999991,15007.0,14953.994486059653,2,2,26.99000000000001,25.929889721193092
2026-08-08,IND.5.5_1,25.487000000000016,85.98529999999991,15007.0,14953.994486059653,2,2,26.99000000000001,25.929889721193092
2026-08-09,IND.5.5_1,25.487000000000016,85.98529999999991,15007.0,14953.994486059653,2,2,26.99000000000001,25.929889721193092
2026-08-10,IND.5.5_1,25.487000000000016,85.98529999999991,15007.0,14953.994486059653,2,2,26.99000000000001,25.929889721193092
2026-08-08,IND.5.5_1,25.487000000000016,86.0352999999999,14988.51851851852,14953.994486059653,2,2,26.620370370370438,25.929889721193092
2026-08-09,IND.5.5_1,25.487000000000016,86.0352999999999,14988.51851851852,14953.994486059653,2,2,26.620370370370438,25.929889721193092
2026-08-10,IND.5.5_1,25.487000000000016,86.0352999999999,14988.51851851852,14953.994486059653,2,2,26.620370370370438,25.929889721193092
2026-08-08,IND.5.5_1,25.487000000000016,86.0852999999999,15008.164351277599,14953.994486059653,2,2,27.013287025552017,25.929889721193092
2026-08-09,IND.5.5_1,25.487000000000016,86.0852999999999,15008.164351277599,14953.994486059653,2,2,27.013287025552017,25.929889721193092
2026-08-10,IND.5.5_1,25.487000000000016,86.0852999999999,15008.164351277599,14953.994486059653,2,2,27.013287025552017,25.929889721193092
2026-08-08,IND.5.5_1,25.487000000000016,86.1352999999999,14999.79770751984,14953.994486059653,2,2,26.845954150396835,25.929889721193092
2026-08-09,IND.5.5_1,25.487000000000016,86.1352999999999,14999.79770751984,14953.994486059653,2,2,26.845954150396835,25.929889721193092
2026-08-10,IND.5.5_1,25.487000000000016,86.1352999999999,14999.79770751984,14953.994486059653,2,2,26.845954150396835,25.929889721193092
2026-08-08,IND.5.5_1,25.487000000000016,86.1852999999999,14972.365187713309,14953.994486059653,2,2,26.29730375426618,25.929889721193092
2026-08-09,IND.5.5_1,25.487000000000016,86.1852999999999,14972.365187713309,14953.994486059653,2,2,26.29730375426618,25.929889721193092
2026-08-10,IND.5.5_1,25.487000000000016,86.1852999999999,14972.365187713309,14953.994486059653,2,2,26.29730375426618,25.929889721193092
2026-08-08,IND.5.5_1,25.487000000000016,86.2352999999999,15007.0,14953.994486059653,2,2,26.99000000000001,25.929889721193092
2026-08-09,IND.5.5_1,25.487000000000016,86.2352999999999,15007.0,14953.994486059653,2,2,26.99000000000001,25.929889721193092
2026-08-10,IND.5.5_1,25.487000000000016,86.2352999999999,15007.0,14953.994486059653,2,2,26.99000000000001,25.929889721193092
2026-08-08,IND.5.5_1,25.487000000000016,86.28529999999989,15007.0,14953.994486059653,2,2,26.99000000000001,25.929889721193092
2026-08-09,IND.5.5_1,25.487000000000016,86.28529999999989,15007.0,14953.994486059653,2,2,26.99000000000001,25.929889721193092
2026-08-10,IND.5.5_1,25.487000000000016,86.28529999999989,15007.0,14953.994486059653,2,2,26.99000000000001,25.929889721193092
2026-08-08,IND.5.5_1,25.487000000000016,86.33529999999989,14929.0,14953.994486059653,2,2,25.430000000000007,25.929889721193092
2026-08-09,IND.5.5_1,25.487000000000016,86.33529999999989,14929.0,14953.994486059653,2,2,25.430000000000007,25.929889721193092
2026-08-10,IND.5.5_1,25.487000000000016,86.33529999999989,14929.0,14953.994486059653,2,2,25.430000000000007,25.929889721193092
2026-08-08,IND.5.5_1,25.487000000000016,86.38529999999989,14929.0,14953.994486059653,2,2,25.430000000000007,25.929889721193092
2026-08-09,IND.5.5_1,25.487000000000016,86.38529999999989,14929.0,14953.994486059653,2,2,25.430000000000007,25.929889721193092
2026-08-10,IND.5.5_1,25.487000000000016,86.38529999999989,14929.0,14953.994486059653,2,2,25.430000000000007,25.929889721193092
2026-08-08,IND.5.15_1,25.487000000000016,87.23529999999984,15007.0,14953.994486059653,2,2,26.99000000000001,25.929889721193092
2026-08-09,IND.5.15_1,25.487000000000016,87.23529999999984,15007.0,14953.994486059653,2,2,26.99000000000001,25.929889721193092
2026-08-10,IND.5.15_1,25.487000000000016,87.23529999999984,15007.0,14953.994486059653,2,2,26.99000000000001,25.929889721193092
2026-08-08,IND.5.15_1,25.487000000000016,87.28529999999984,15007.0,14953.994486059653,2,2,26.99000000000001,25.929889721193092
2026-08-09,IND.5.15_1,25.487000000000016,87.28529999999984,15007.0,14953.994486059653,2,2,26.99000000000001,25.929889721193092
2026-08-10,IND.5.15_1,25.487000000000016,87.28529999999984,15007.0,14953.994486059653,2,2,26.99000000000001,25.929889721193092
2026-08-08,IND.5.15_1,25.487000000000016,87.33529999999983,15007.0,14953.994486059653,2,2,26.99000000000001,25.929889721193092
2026-08-09,IND.5.15_1,25.487000000000016,87.33529999999983,15007.0,14953.994486059653,2,2,26.99000000000001,25.929889721193092
2026-08-10,IND.5.15_1,25.487000000000016,87.33529999999983,15007.0,14953.994486059653,2,2,26.99000000000001,25.929889721193092
2026-08-08,IND.5.15_1,25.487000000000016,87.38529999999983,15007.0,14953.994486059653,2,2,26.99000000000001,25.929889721193092
2026-08-09,IND.5.15_1,25.487000000000016,87.38529999999983,15007.0,14953.994486059653,2,2,26.99000000000001,25.929889721193092
2026-08-10,IND.5.15_1,25.487000000000016,87.38529999999983,15007.0,14953.994486059653,2,2,26.99000000000001,25.929889721193092
2026-08-08,IND.5.15_1,25.487000000000016,87.43529999999983,15007.0,14953.994486059653,2,2,26.99000000000001,25.929889721193092
2026-08-09,IND.5.15_1,25.487000000000016,87.43529999999983,15007.0,14953.994486059653,2,2,26.99000000000001,25.929889721193092
2026-08-10,IND.5.15_1,25.487000000000016,87.43529999999983,15007.0,14953.994486059653,2,2,26.99000000000001,25.929889721193092
2026-08-08,IND.5.15_1,25.487000000000016,87.48529999999982,15007.0,14953.994486059653,2,2,26.99000000000001,25.929889721193092
2026-08-09,IND.5.15_1,25.487000000000016,87.48529999999982,15007.0,14953.994486059653,2,2,26.99000000000001,25.929889721193092
2026-08-10,IND.5.15_1,25.487000000000016,87.48529999999982,15007.0,14953.994486059653,2,2,26.99000000000001,25.929889721193092
2026-08-08,IND.5.15_1,25.487000000000016,87.53529999999982,15007.0,14953.994486059653,2,2,26.99000000000001,25.929889721193092
2026-08-09,IND.5.15_1,25.487000000000016,87.53529999999982,15007.0,14953.994486059653,2,2,26.99000000000001,25.929889721193092
2026-08-10,IND.5.15_1,25.487000000000016,87.53529999999982,15007.0,14953.994486059653,2,2,26.99000000000001,25.929889721193092
2026-08-08,IND.5.15_1,25.487000000000016,87.58529999999982,15055.104166666666,14953.994486059653,2,2,27.95208333333335,25.929889721193092
2026-08-09,IND.5.15_1,25.487000000000016,87.58529999999982,15055.104166666666,14953.994486059653,2,2,27.95208333333335,25.929889721193092
2026-08-10,IND.5.15_1,25.487000000000016,87.58529999999982,15055.104166666666,14953.994486059653,2,2,27.95208333333335,25.929889721193092
2026-08-08,IND.5.15_1,25.487000000000016,87.63529999999982,15059.661027768912,14953.994486059653,2,2,28.043220555378298,25.929889721193092
2026-08-09,IND.5.15_1,25.487000000000016,87.63529999999982,15059.661027768912,14953.994486059653,2,2,28.043220555378298,25.929889721193092
2026-08-10,IND.5.15_1,25.487000000000016,87.63529999999982,15059.661027768912,14953.994486059653,2,2,28.043220555378298,25.929889721193092
2026-08-08,IND.5.15_1,25.487000000000016,87.68529999999981,15059.29748283753,14953.994486059653,2,2,28.03594965675063,25.929889721193092
2026-08-09,IND.5.15_1,25.487000000000016,87.68529999999981,15059.29748283753,14953.994486059653,2,2,28.03594965675063,25.929889721193092
2026-08-10,IND.5.15_1,25.487000000000016,87.68529999999981,15059.29748283753,14953.994486059653,2,2,28.03594965675063,25.929889721193092
2026-08-08,IND.5.15_1,25.487000000000016,87.73529999999981,15007.0,14953.994486059653,2,2,26.99000000000001,25.929889721193092
2026-08-09,IND.5.15_1,25.487000000000016,87.73529999999981,15007.0,14953.994486059653,2,2,26.99000000000001,25.929889721193092
2026-08-10,IND.5.15_1,25.487000000000016,87.73529999999981,15007.0,14953.994486059653,2,2,26.99000000000001,25.929889721193092
2026-08-08,IND.5.15_1,25.487000000000016,87.78529999999981,15007.0,14953.994486059653,2,2,26.99000000000001,25.929889721193092
2026-08-09,IND.5.15_1,25.487000000000016,87.78529999999981,15007.0,14953.994486059653,2,2,26.99000000000001,25.929889721193092
2026-08-10,IND.5.15_1,25.487000000000016,87.78529999999981,15007.0,14953.994486059653,2,2,26.99000000000001,25.929889721193092
2026-08-08,IND.5.15_1,25.487000000000016,87.8352999999998,15007.0,14953.994486059653,2,2,26.99000000000001,25.929889721193092
2026-08-09,IND.5.15_1,25.487000000000016,87.8352999999998,15007.0,14953.994486059653,2,2,26.99000000000001,25.929889721193092
2026-08-10,IND.5.15_1,25.487000000000016,87.8352999999998,15007.0,14953.994486059653,2,2,26.99000000000001,25.929889721193092
2026-08-08,IND.5.5_1,25.537000000000017,85.73529999999992,15007.0,14953.994486059653,2,2,26.99000000000001,25.929889721193092
2026-08-09,IND.5.5_1,25.537000000000017,85.73529999999992,15007.0,14953.994486059653,2,2,26.99000000000001,25.929889721193092
2026-08-10,IND.5.5_1,25.537000000000017,85.73529999999992,15007.0,14953.994486059653,2,2,26.99000000000001,25.929889721193092
2026-08-08,IND.5.5_1,25.537000000000017,85.83529999999992,15007.0,14953.994486059653,2,2,26.99000000000001,25.929889721193092
2026-08-09,IND.5.5_1,25.537000000000017,85.83529999999992,15007.0,14953.994486059653,2,2,26.99000000000001,25.929889721193092
2026-08-10,IND.5.5_1,25.537000000000017,85.83529999999992,15007.0,14953.994486059653,2,2,26.99000000000001,25.929889721193092
2026-08-08,IND.5.5_1,25.537000000000017,85.88529999999992,15065.884057971018,14953.994486059653,2,2,28.167681159420397,25.929889721193092
2026-08-09,IND.5.5_1,25.537000000000017,85.88529999999992,15065.884057971018,14953.994486059653,2,2,28.167681159420397,25.929889721193092
2026-08-10,IND.5.5_1,25.537000000000017,85.88529999999992,15065.884057971018,14953.994486059653,2,2,28.167681159420397,25.929889721193092
2026-08-08,IND.5.5_1,25.537000000000017,85.93529999999991,15042.346682606096,14953.994486059653,2,2,27.69693365212197,25.929889721193092
2026-08-09,IND.5.5_1,25.537000000000017,85.93529999999991,15042.346682606096,14953.994486059653,2,2,27.69693365212197,25.929889721193092
2026-08-10,IND.5.5_1,25.537000000000017,85.93529999999991,15042.346682606096,14953.994486059653,2,2,27.69693365212197,25.929889721193092
2026-08-08,IND.5.5_1,25.537000000000017,85.98529999999991,15043.653388515264,14953.994486059653,2,2,27.723067770305306,25.929889721193092
2026-08-09,IND.5.5_1,25.537000000000017,85.98529999999991,15043.653388515264,14953.994486059653,2,2,27.723067770305306,25.929889721193092
2026-08-10,IND.5.5_1,25.537000000000017,85.98529999999991,15043.653388515264,14953.994486059653,2,2,27.723067770305306,25.929889721193092
2026-08-08,IND.5.5_1,25.537000000000017,86.0352999999999,15047.72942084942,14953.994486059653,2,2,27.80458841698845,25.929889721193092
2026-08-09,IND.5.5_1,25.537000000000017,86.0352999999999,15050.084963589266,14953.994486059653,2,2,27.851699271785378,25.929889721193092
2026-08-10,IND.5.5_1,25.537000000000017,86.0352999999999,15052.440506329114,14953.994486059653,2,2,27.898810126582305,25.929889721193092
2026-08-08,IND.5.5_1,25.537000000000017,86.0852999999999,15027.940257000382,14953.994486059653,65,2,27.4088051400077,25.929889721193092
2026-08-09,IND.5.5_1,25.537000000000017,86.0852999999999,15033.617564397628,14953.994486059653,2,2,27.522351287952574,25.929889721193092
2026-08-10,IND.5.5_1,25.537000000000017,86.0852999999999,15039.294871794873,14953.994486059653,2,2,27.635897435897505,25.929889721193092
2026-08-08,IND.5.5_1,25.537000000000017,86.1352999999999,15014.935585585588,14953.994486059653,2,2,27.14871171171177,25.929889721193092
2026-08-09,IND.5.5_1,25.537000000000017,86.1352999999999,15019.492042215428,14953.994486059653,2,2,27.239840844308617,25.929889721193092
2026-08-10,IND.5.5_1,25.537000000000017,86.1352999999999,15024.048498845266,14953.994486059653,2,2,27.33096997690535,25.929889721193092
2026-08-08,IND.5.5_1,25.537000000000017,86.1852999999999,15011.115384615387,14953.994486059653,2,2,27.07230769230779,25.929889721193092
2026-08-09,IND.5.5_1,25.537000000000017,86.1852999999999,15011.115384615387,14953.994486059653,2,2,27.07230769230779,25.929889721193092
2026-08-10,IND.5.5_1,25.537000000000017,86.1852999999999,15011.115384615387,14953.994486059653,2,2,27.07230769230779,25.929889721193092
2026-08-08,IND.5.5_1,25.537000000000017,86.2352999999999,15007.0,14953.994486059653,2,2,26.99000000000001,25.929889721193092
2026-08-09,IND.5.5_1,25.537000000000017,86.2352999999999,15007.0,14953.994486059653,2,2,26.99000000000001,25.929889721193092
2026-08-10,IND.5.5_1,25.537000000000017,86.2352999999999,15007.0,14953.994486059653,2,2,26.99000000000001,25.929889721193092
2026-08-08,IND.5.5_1,25.537000000000017,86.28529999999989,15007.0,14953.994486059653,2,2,26.99000000000001,25.929889721193092
2026-08-09,IND.5.5_1,25.537000000000017,86.28529999999989,15007.0,14953.994486059653,2,2,26.99000000000001,25.929889721193092
2026-08-10,IND.5.5_1,25.537000000000017,86.28529999999989,15007.0,14953.994486059653,2,2,26.99000000000001,25.929889721193092
2026-08-08,IND.5.15_1,25.537000000000017,87.23529999999984,15007.0,14953.994486059653,2,2,26.99000000000001,25.929889721193092
2026-08-09,IND.5.15_1,25.537000000000017,87.23529999999984,15007.0,14953.994486059653,2,2,26.99000000000001,25.929889721193092
2026-08-10,IND.5.15_1,25.537000000000017,87.23529999999984,15007.0,14953.994486059653,2,2,26.99000000000001,25.929889721193092
2026-08-08,IND.5.15_1,25.537000000000017,87.28529999999984,15007.0,14953.994486059653,2,2,26.99000000000001,25.929889721193092
2026-08-09,IND.5.15_1,25.537000000000017,87.28529999999984,15007.0,14953.994486059653,2,2,26.99000000000001,25.929889721193092
2026-08-10,IND.5.15_1,25.537000000000017,87.28529999999984,15007.0,14953.994486059653,2,2,26.99000000000001,25.929889721193092
2026-08-08,IND.5.15_1,25.537000000000017,87.33529999999983,15007.0,14953.994486059653,2,2,26.99000000000001,25.929889721193092
2026-08-09,IND.5.15_1,25.537000000000017,87.33529999999983,15007.0,14953.994486059653,2,2,26.99000000000001,25.929889721193092
2026-08-10,IND.5.15_1,25.537000000000017,87.33529999999983,15007.0,14953.994486059653,2,2,26.99000000000001,25.929889721193092
2026-08-08,IND.5.15_1,25.537000000000017,87.38529999999983,15007.0,14953.994486059653,2,2,26.99000000000001,25.929889721193092
2026-08-09,IND.5.15_1,25.537000000000017,87.38529999999983,15007.0,14953.994486059653,2,2,26.99000000000001,25.929889721193092
2026-08-10,IND.5.15_1,25.537000000000017,87.38529999999983,15007.0,14953.994486059653,2,2,26.99000000000001,25.929889721193092
2026-08-08,IND.5.15_1,25.537000000000017,87.43529999999983,15007.0,14953.994486059653,2,2,26.99000000000001,25.929889721193092
2026-08-09,IND.5.15_1,25.537000000000017,87.43529999999983,15007.0,14953.994486059653,2,2,26.99000000000001,25.929889721193092
2026-08-10,IND.5.15_1,25.537000000000017,87.43529999999983,15007.0,14953.994486059653,2,2,26.99000000000001,25.929889721193092
2026-08-08,IND.5.15_1,25.537000000000017,87.48529999999982,15007.0,14953.994486059653,2,2,26.99000000000001,25.929889721193092
2026-08-09,IND.5.15_1,25.537000000000017,87.48529999999982,15007.0,14953.994486059653,2,2,26.99000000000001,25.929889721193092
2026-08-10,IND.5.15_1,25.537000000000017,87.48529999999982,15007.0,14953.994486059653,2,2,26.99000000000001,25.929889721193092
2026-08-08,IND.5.15_1,25.537000000000017,87.53529999999982,15007.0,14953.994486059653,2,2,26.99000000000001,25.929889721193092
2026-08-09,IND.5.15_1,25.537000000000017,87.53529999999982,15007.0,14953.994486059653,2,2,26.99000000000001,25.929889721193092
2026-08-10,IND.5.15_1,25.537000000000017,87.53529999999982,15007.0,14953.994486059653,2,2,26.99000000000001,25.929889721193092
2026-08-08,IND.5.15_1,25.537000000000017,87.58529999999982,15068.533333333336,14953.994486059653,2,2,28.220666666666773,25.929889721193092
2026-08-09,IND.5.15_1,25.537000000000017,87.58529999999982,15068.533333333336,14953.994486059653,2,2,28.220666666666773,25.929889721193092
2026-08-10,IND.5.15_1,25.537000000000017,87.58529999999982,15068.533333333336,14953.994486059653,2,2,28.220666666666773,25.929889721193092
2026-08-08,IND.5.15_1,25.537000000000017,87.63529999999982,15062.094594594593,14953.994486059653,2,2,28.09189189189192,25.929889721193092
2026-08-09,IND.5.15_1,25.537000000000017,87.63529999999982,15062.094594594593,14953.994486059653,2,2,28.09189189189192,25.929889721193092
2026-08-10,IND.5.15_1,25.537000000000017,87.63529999999982,15062.094594594593,14953.994486059653,2,2,28.09189189189192,25.929889721193092
2026-08-08,IND.5.15_1,25.537000000000017,87.68529999999981,15066.053300733498,14953.994486059653,2,2,28.171066014669975,25.929889721193092
2026-08-09,IND.5.15_1,25.537000000000017,87.68529999999981,15066.053300733498,14953.994486059653,2,2,28.171066014669975,25.929889721193092
2026-08-10,IND.5.15_1,25.537000000000017,87.68529999999981,15066.053300733498,14953.994486059653,2,2,28.171066014669975,25.929889721193092
2026-08-08,IND.5.15_1,25.537000000000017,87.73529999999981,15007.0,14953.994486059653,2,2,26.99000000000001,25.929889721193092
2026-08-09,IND.5.15_1,25.537000000000017,87.73529999999981,15007.0,14953.994486059653,2,2,26.99000000000001,25.929889721193092
2026-08-10,IND.5.15_1,25.537000000000017,87.73529999999981,15007.0,14953.994486059653,2,2,26.99000000000001,25.929889721193092
2026-08-08,IND.5.15_1,25.537000000000017,87.78529999999981,15007.0,14953.994486059653,2,2,26.99000000000001,25.929889721193092
2026-08-09,IND.5.15_1,25.537000000000017,87.78529999999981,15007.0,14953.994486059653,2,2,26.99000000000001,25.929889721193092
2026-08-10,IND.5.15_1,25.537000000000017,87.78529999999981,15007.0,14953.994486059653,2,2,26.99000000000001,25.929889721193092
2026-08-08,IND.5.15_1,25.537000000000017,87.8352999999998,15007.0,14953.994486059653,2,2,26.99000000000001,25.929889721193092
2026-08-09,IND.5.15_1,25.537000000000017,87.8352999999998,15007.0,14953.994486059653,2,2,26.99000000000001,25.929889721193092
2026-08-10,IND.5.15_1,25.537000000000017,87.8352999999998,15007.0,14953.994486059653,2,2,26.99000000000001,25.929889721193092
2026-08-08,IND.5.15_1,25.537000000000017,87.8852999999998,15078.02506482282,14953.994486059653,2,2,28.410501296456403,25.929889721193092
2026-08-09,IND.5.15_1,25.537000000000017,87.8852999999998,15078.02506482282,14953.994486059653,2,2,28.410501296456403,25.929889721193092
2026-08-10,IND.5.15_1,25.537000000000017,87.8852999999998,15078.02506482282,14953.994486059653,2,2,28.410501296456403,25.929889721193092
2026-08-08,IND.5.15_1,25.537000000000017,87.9352999999998,15044.881083751954,14953.994486059653,2,2,27.747621675039113,25.929889721193092
2026-08-09,IND.5.15_1,25.537000000000017,87.9352999999998,15044.881083751954,14953.994486059653,2,2,27.747621675039113,25.929889721193092
2026-08-10,IND.5.15_1,25.537000000000017,87.9352999999998,15044.881083751954,14953.994486059653,65,2,27.747621675039113,25.929889721193092
2026-08-08,IND.5.15_1,25.537000000000017,87.9852999999998,15050.859190853122,14953.994486059653,2,2,27.867183817062482,25.929889721193092
2026-08-09,IND.5.15_1,25.537000000000017,87.9852999999998,15050.859190853122,14953.994486059653,2,2,27.867183817062482,25.929889721193092
2026-08-10,IND.5.15_1,25.537000000000017,87.9852999999998,15050.859190853122,14953.994486059653,65,2,27.867183817062482,25.929889721193092
2026-08-08,IND.5.15_1,25.537000000000017,88.0352999999998,15045.651115618663,14953.994486059653,2,2,27.763022312373266,25.929889721193092
2026-08-09,IND.5.15_1,25.537000000000017,88.0352999999998,15045.651115618663,14953.994486059653,2,2,27.763022312373266,25.929889721193092
2026-08-10,IND.5.15_1,25.537000000000017,88.0352999999998,15045.651115618663,14953.994486059653,2,2,27.763022312373266,25.929889721193092
2026-08-08,IND.5.5_1,25.587000000000018,85.88529999999992,15048.022729151167,14953.994486059653,65,2,27.810454583023386,25.929889721193092
2026-08-09,IND.5.5_1,25.587000000000018,85.88529999999992,15048.022729151167,14953.994486059653,2,2,27.810454583023386,25.929889721193092
2026-08-10,IND.5.5_1,25.587000000000018,85.88529999999992,15048.022729151167,14953.994486059653,2,2,27.810454583023386,25.929889721193092
2026-08-08,IND.5.5_1,25.587000000000018,85.93529999999991,15039.544906487634,14953.994486059653,65,2,27.640898129752713,25.929889721193092
2026-08-09,IND.5.5_1,25.587000000000018,85.93529999999991,15039.544906487634,14953.994486059653,2,2,27.640898129752713,25.929889721193092
2026-08-10,IND.5.5_1,25.587000000000018,85.93529999999991,15039.544906487634,14953.994486059653,2,2,27.640898129752713,25.929889721193092
2026-08-08,IND.5.5_1,25.587000000000018,85.98529999999991,15031.571411102956,14953.994486059653,65,2,27.48142822205915,25.929889721193092
2026-08-09,IND.5.5_1,25.587000000000018,85.98529999999991,15031.571411102956,14953.994486059653,2,2,27.48142822205915,25.929889721193092
2026-08-10,IND.5.5_1,25.587000000000018,85.98529999999991,15031.571411102956,14953.994486059653,2,2,27.48142822205915,25.929889721193092
2026-08-08,IND.5.5_1,25.587000000000018,86.0352999999999,15035.304260985353,14953.994486059653,65,2,27.556085219707086,25.929889721193092
2026-08-09,IND.5.5_1,25.587000000000018,86.0352999999999,15046.082802761583,14953.994486059653,2,2,27.771656055231688,25.929889721193092
2026-08-10,IND.5.5_1,25.587000000000018,86.0352999999999,15056.861344537814,14953.994486059653,2,2,27.98722689075629,25.929889721193092
2026-08-08,IND.5.5_1,25.587000000000018,86.0852999999999,15036.707358294336,14953.994486059653,2,2,27.584147165886748,25.929889721193092
2026-08-09,IND.5.5_1,25.587000000000018,86.0852999999999,15038.850338728098,14953.994486059653,2,2,27.627006774562005,25.929889721193092
2026-08-10,IND.5.5_1,25.587000000000018,86.0852999999999,15040.993319161858,14953.994486059653,2,2,27.669866383237206,25.929889721193092
2026-08-08,IND.5.5_1,25.587000000000018,86.1352999999999,15026.506976744186,14953.994486059653,2,2,27.380139534883767,25.929889721193092
2026-08-09,IND.5.5_1,25.587000000000018,86.1352999999999,15028.598068018111,14953.994486059653,2,2,27.421961360362275,25.929889721193092
2026-08-10,IND.5.5_1,25.587000000000018,86.1352999999999,15030.689159292036,14953.994486059653,2,2,27.463783185840782,25.929889721193092
2026-08-08,IND.5.5_1,25.587000000000018,86.1852999999999,15021.0,14953.994486059653,2,2,27.27000000000004,25.929889721193092
2026-08-09,IND.5.5_1,25.587000000000018,86.1852999999999,15021.0,14953.994486059653,2,2,27.27000000000004,25.929889721193092
2026-08-10,IND.5.5_1,25.587000000000018,86.1852999999999,15021.0,14953.994486059653,2,2,27.27000000000004,25.929889721193092
2026-08-08,IND.5.5_1,25.587000000000018,86.2352999999999,15010.0,14953.994486059653,2,2,27.05000000000001,25.929889721193092
2026-08-09,IND.5.5_1,25.587000000000018,86.2352999999999,15010.0,14953.994486059653,2,2,27.05000000000001,25.929889721193092
2026-08-10,IND.5.5_1,25.587000000000018,86.2352999999999,15010.0,14953.994486059653,2,2,27.05000000000001,25.929889721193092
2026-08-08,IND.5.15_1,25.587000000000018,87.28529999999984,15007.0,14953.994486059653,2,2,26.99000000000001,25.929889721193092
2026-08-09,IND.5.15_1,25.587000000000018,87.28529999999984,15007.0,14953.994486059653,2,2,26.99000000000001,25.929889721193092
2026-08-10,IND.5.15_1,25.587000000000018,87.28529999999984,15007.0,14953.994486059653,2,2,26.99000000000001,25.929889721193092
2026-08-08,IND.5.15_1,25.587000000000018,87.33529999999983,15007.0,14953.994486059653,2,2,26.99000000000001,25.929889721193092
2026-08-09,IND.5.15_1,25.587000000000018,87.33529999999983,15007.0,14953.994486059653,2,2,26.99000000000001,25.929889721193092
2026-08-10,IND.5.15_1,25.587000000000018,87.33529999999983,15007.0,14953.994486059653,2,2,26.99000000000001,25.929889721193092
2026-08-08,IND.5.15_1,25.587000000000018,87.38529999999983,15007.0,14953.994486059653,2,2,26.99000000000001,25.929889721193092
2026-08-09,IND.5.15_1,25.587000000000018,87.38529999999983,15007.0,14953.994486059653,2,2,26.99000000000001,25.929889721193092
2026-08-10,IND.5.15_1,25.587000000000018,87.38529999999983,15007.0,14953.994486059653,2,2,26.99000000000001,25.929889721193092
2026-08-08,IND.5.15_1,25.587000000000018,87.43529999999983,15007.0,14953.994486059653,2,2,26.99000000000001,25.929889721193092
2026-08-09,IND.5.15_1,25.587000000000018,87.43529999999983,15007.0,14953.994486059653,2,2,26.99000000000001,25.929889721193092
2026-08-10,IND.5.15_1,25.587000000000018,87.43529999999983,15007.0,14953.994486059653,2,2,26.99000000000001,25.929889721193092
2026-08-08,IND.5.15_1,25.587000000000018,87.48529999999982,15007.0,14953.994486059653,2,2,26.99000000000001,25.929889721193092
2026-08-09,IND.5.15_1,25.587000000000018,87.48529999999982,15007.0,14953.994486059653,2,2,26.99000000000001,25.929889721193092
2026-08-10,IND.5.15_1,25.587000000000018,87.48529999999982,15007.0,14953.994486059653,2,2,26.99000000000001,25.929889721193092
2026-08-08,IND.5.15_1,25.587000000000018,87.53529999999982,15007.0,14953.994486059653,2,2,26.99000000000001,25.929889721193092
2026-08-09,IND.5.15_1,25.587000000000018,87.53529999999982,15007.0,14953.994486059653,2,2,26.99000000000001,25.929889721193092
2026-08-10,IND.5.15_1,25.587000000000018,87.53529999999982,15007.0,14953.994486059653,2,2,26.99000000000001,25.929889721193092
2026-08-08,IND.5.15_1,25.587000000000018,87.58529999999982,15007.0,14953.994486059653,2,2,26.99000000000001,25.929889721193092
2026-08-09,IND.5.15_1,25.587000000000018,87.58529999999982,15007.0,14953.994486059653,2,2,26.99000000000001,25.929889721193092
2026-08-10,IND.5.15_1,25.587000000000018,87.58529999999982,15007.0,14953.994486059653,2,2,26.99000000000001,25.929889721193092
2026-08-08,IND.5.15_1,25.587000000000018,87.63529999999982,15007.0,14953.994486059653,2,2,26.99000000000001,25.929889721193092
2026-08-09,IND.5.15_1,25.587000000000018,87.63529999999982,15007.0,14953.994486059653,2,2,26.99000000000001,25.929889721193092
2026-08-10,IND.5.15_1,25.587000000000018,87.63529999999982,15007.0,14953.994486059653,2,2,26.99000000000001,25.929889721193092
2026-08-08,IND.5.15_1,25.587000000000018,87.68529999999981,15007.0,14953.994486059653,2,2,26.99000000000001,25.929889721193092
2026-08-09,IND.5.15_1,25.587000000000018,87.68529999999981,15007.0,14953.994486059653,2,2,26.99000000000001,25.929889721193092
2026-08-10,IND.5.15_1,25.587000000000018,87.68529999999981,15007.0,14953.994486059653,2,2,26.99000000000001,25.929889721193092
2026-08-08,IND.5.15_1,25.587000000000018,87.73529999999981,15007.0,14953.994486059653,2,2,26.99000000000001,25.929889721193092
2026-08-09,IND.5.15_1,25.587000000000018,87.73529999999981,15007.0,14953.994486059653,2,2,26.99000000000001,25.929889721193092
2026-08-10,IND.5.15_1,25.587000000000018,87.73529999999981,15007.0,14953.994486059653,2,2,26.99000000000001,25.929889721193092
2026-08-08,IND.5.15_1,25.587000000000018,87.78529999999981,15007.0,14953.994486059653,2,2,26.99000000000001,25.929889721193092
2026-08-09,IND.5.15_1,25.587000000000018,87.78529999999981,15007.0,14953.994486059653,2,2,26.99000000000001,25.929889721193092
2026-08-10,IND.5.15_1,25.587000000000018,87.78529999999981,15007.0,14953.994486059653,2,2,26.99000000000001,25.929889721193092
2026-08-08,IND.5.15_1,25.587000000000018,87.8352999999998,15007.0,14953.994486059653,2,2,26.99000000000001,25.929889721193092
2026-08-09,IND.5.15_1,25.587000000000018,87.8352999999998,15007.0,14953.994486059653,2,2,26.99000000000001,25.929889721193092
2026-08-10,IND.5.15_1,25.587000000000018,87.8352999999998,15007.0,14953.994486059653,2,2,26.99000000000001,25.929889721193092
2026-08-08,IND.5.15_1,25.587000000000018,87.8852999999998,15079.234866828088,14953.994486059653,2,2,28.434697336561783,25.929889721193092
2026-08-09,IND.5.15_1,25.587000000000018,87.8852999999998,15079.234866828088,14953.994486059653,2,2,28.434697336561783,25.929889721193092
2026-08-10,IND.5.15_1,25.587000000000018,87.8852999999998,15079.234866828088,14953.994486059653,2,2,28.434697336561783,25.929889721193092
2026-08-08,IND.5.15_1,25.587000000000018,87.9352999999998,15067.01900422316,14953.994486059653,2,2,28.190380084463243,25.929889721193092
2026-08-09,IND.5.15_1,25.587000000000018,87.9352999999998,15067.01900422316,14953.994486059653,2,2,28.190380084463243,25.929889721193092
2026-08-10,IND.5.15_1,25.587000000000018,87.9352999999998,15067.01900422316,14953.994486059653,2,2,28.190380084463243,25.929889721193092
2026-08-08,IND.5.15_1,25.587000000000018,87.9852999999998,15071.41419805332,14953.994486059653,2,2,28.27828396106645,25.929889721193092
2026-08-09,IND.5.15_1,25.587000000000018,87.9852999999998,15071.41419805332,14953.994486059653,2,2,28.27828396106645,25.929889721193092
2026-08-10,IND.5.15_1,25.587000000000018,87.9852999999998,15071.41419805332,14953.994486059653,2,2,28.27828396106645,25.929889721193092
2026-08-08,IND.5.5_1,25.63700000000001,85.83529999999992,15043.676316071616,14953.994486059653,65,2,27.72352632143236,25.929889721193092
2026-08-09,IND.5.5_1,25.63700000000001,85.83529999999992,15043.676316071616,14953.994486059653,2,2,27.72352632143236,25.929889721193092
2026-08-10,IND.5.5_1,25.63700000000001,85.83529999999992,15043.676316071616,14953.994486059653,2,2,27.72352632143236,25.929889721193092
2026-08-08,IND.5.5_1,25.63700000000001,85.88529999999992,15030.87790188913,14953.994486059653,65,2,27.467558037782624,25.929889721193092
2026-08-09,IND.5.5_1,25.63700000000001,85.88529999999992,15030.87790188913,14953.994486059653,2,2,27.467558037782624,25.929889721193092
2026-08-10,IND.5.5_1,25.63700000000001,85.88529999999992,15030.87790188913,14953.994486059653,2,2,27.467558037782624,25.929889721193092
2026-08-08,IND.5.5_1,25.63700000000001,85.93529999999991,15023.157440492554,14953.994486059653,65,2,27.3131488098511,25.929889721193092
2026-08-09,IND.5.5_1,25.63700000000001,85.93529999999991,15023.157440492554,14953.994486059653,2,2,27.3131488098511,25.929889721193092
2026-08-10,IND.5.5_1,25.63700000000001,85.93529999999991,15023.157440492554,14953.994486059653,2,2,27.3131488098511,25.929889721193092
2026-08-08,IND.5.5_1,25.63700000000001,86.0352999999999,15025.16619897959,14953.994486059653,2,2,27.353323979591835,25.929889721193092
2026-08-09,IND.5.5_1,25.63700000000001,86.0352999999999,15025.16619897959,14953.994486059653,2,2,27.353323979591835,25.929889721193092
2026-08-10,IND.5.5_1,25.63700000000001,86.0352999999999,15025.16619897959,14953.994486059653,2,2,27.353323979591835,25.929889721193092
2026-08-08,IND.5.5_1,25.63700000000001,86.0852999999999,15028.013592946358,14953.994486059653,2,2,27.41027185892716,25.929889721193092
2026-08-09,IND.5.5_1,25.63700000000001,86.0852999999999,15028.013592946358,14953.994486059653,2,2,27.41027185892716,25.929889721193092
2026-08-10,IND.5.5_1,25.63700000000001,86.0852999999999,15028.013592946358,14953.994486059653,2,2,27.41027185892716,25.929889721193092
2026-08-08,IND.5.5_1,25.63700000000001,86.1352999999999,15014.926752966558,14953.994486059653,2,2,27.14853505933121,25.929889721193092
2026-08-09,IND.5.5_1,25.63700000000001,86.1352999999999,15014.926752966558,14953.994486059653,2,2,27.14853505933121,25.929889721193092
2026-08-10,IND.5.5_1,25.63700000000001,86.1352999999999,15014.926752966558,14953.994486059653,2,2,27.14853505933121,25.929889721193092
2026-08-08,IND.5.5_1,25.63700000000001,86.1852999999999,15006.917399190736,14953.994486059653,2,2,26.98834798381472,25.929889721193092
2026-08-09,IND.5.5_1,25.63700000000001,86.1852999999999,15006.917399190736,14953.994486059653,2,2,26.98834798381472,25.929889721193092
2026-08-10,IND.5.5_1,25.63700000000001,86.1852999999999,15006.917399190736,14953.994486059653,2,2,26.98834798381472,25.929889721193092
2026-08-08,IND.5.5_1,25.63700000000001,86.2352999999999,14994.815414825722,14953.994486059653,2,2,26.746308296514485,25.929889721193092
2026-08-09,IND.5.5_1,25.63700000000001,86.2352999999999,14994.815414825722,14953.994486059653,2,2,26.746308296514485,25.929889721193092
2026-08-10,IND.5.5_1,25.63700000000001,86.2352999999999,14994.815414825722,14953.994486059653,2,2,26.746308296514485,25.929889721193092
2026-08-08,IND.5.5_1,25.63700000000001,86.28529999999989,15004.401669670808,14953.994486059653,65,2,26.938033393416163,25.929889721193092
2026-08-09,IND.5.5_1,25.63700000000001,86.28529999999989,15004.401669670808,14953.994486059653,2,2,26.938033393416163,25.929889721193092
2026-08-10,IND.5.5_1,25.63700000000001,86.28529999999989,15004.401669670808,14953.994486059653,2,2,26.938033393416163,25.929889721193092
2026-08-08,IND.5.15_1,25.63700000000001,87.28529999999984,15007.0,14953.994486059653,2,2,26.99000000000001,25.929889721193092
2026-08-09,IND.5.15_1,25.63700000000001,87.28529999999984,15007.0,14953.994486059653,2,2,26.99000000000001,25.929889721193092
2026-08-10,IND.5.15_1,25.63700000000001,87.28529999999984,15007.0,14953.994486059653,2,2,26.99000000000001,25.929889721193092
2026-08-08,IND.5.15_1,25.63700000000001,87.33529999999983,15007.0,14953.994486059653,2,2,26.99000000000001,25.929889721193092
2026-08-09,IND.5.15_1,25.63700000000001,87.33529999999983,15007.0,14953.994486059653,2,2,26.99000000000001,25.929889721193092
2026-08-10,IND.5.15_1,25.63700000000001,87.33529999999983,15007.0,14953.994486059653,2,2,26.99000000000001,25.929889721193092
2026-08-08,IND.5.15_1,25.63700000000001,87.38529999999983,15007.0,14953.994486059653,2,2,26.99000000000001,25.929889721193092
2026-08-09,IND.5.15_1,25.63700000000001,87.38529999999983,15007.0,14953.994486059653,2,2,26.99000000000001,25.929889721193092
2026-08-10,IND.5.15_1,25.63700000000001,87.38529999999983,15007.0,14953.994486059653,2,2,26.99000000000001,25.929889721193092
2026-08-08,IND.5.15_1,25.63700000000001,87.43529999999983,15007.0,14953.994486059653,2,2,26.99000000000001,25.929889721193092
2026-08-09,IND.5.15_1,25.63700000000001,87.43529999999983,15007.0,14953.994486059653,2,2,26.99000000000001,25.929889721193092
2026-08-10,IND.5.15_1,25.63700000000001,87.43529999999983,15007.0,14953.994486059653,2,2,26.99000000000001,25.929889721193092
2026-08-08,IND.5.15_1,25.63700000000001,87.48529999999982,15007.0,14953.994486059653,2,2,26.99000000000001,25.929889721193092
2026-08-09,IND.5.15_1,25.63700000000001,87.48529999999982,15007.0,14953.994486059653,2,2,26.99000000000001,25.929889721193092
2026-08-10,IND.5.15_1,25.63700000000001,87.48529999999982,15007.0,14953.994486059653,2,2,26.99000000000001,25.929889721193092
2026-08-08,IND.5.15_1,25.63700000000001,87.53529999999982,15007.0,14953.994486059653,2,2,26.99000000000001,25.929889721193092
2026-08-09,IND.5.15_1,25.63700000000001,87.53529999999982,15007.0,14953.994486059653,2,2,26.99000000000001,25.929889721193092
2026-08-10,IND.5.15_1,25.63700000000001,87.53529999999982,15007.0,14953.994486059653,2,2,26.99000000000001,25.929889721193092
2026-08-08,IND.5.15_1,25.63700000000001,87.58529999999982,15007.0,14953.994486059653,2,2,26.99000000000001,25.929889721193092
2026-08-09,IND.5.15_1,25.63700000000001,87.58529999999982,15007.0,14953.994486059653,2,2,26.99000000000001,25.929889721193092
2026-08-10,IND.5.15_1,25.63700000000001,87.58529999999982,15007.0,14953.994486059653,2,2,26.99000000000001,25.929889721193092
2026-08-08,IND.5.15_1,25.63700000000001,87.63529999999982,14930.0,14953.994486059653,2,2,25.450000000000045,25.929889721193092
2026-08-09,IND.5.15_1,25.63700000000001,87.63529999999982,14930.0,14953.994486059653,2,2,25.450000000000045,25.929889721193092
2026-08-10,IND.5.15_1,25.63700000000001,87.63529999999982,14930.0,14953.994486059653,2,2,25.450000000000045,25.929889721193092
2026-08-08,IND.5.15_1,25.63700000000001,87.68529999999981,14925.289877300615,14953.994486059653,2,2,25.355797546012298,25.929889721193092
2026-08-09,IND.5.15_1,25.63700000000001,87.68529999999981,14925.289877300615,14953.994486059653,2,2,25.355797546012298,25.929889721193092
2026-08-10,IND.5.15_1,25.63700000000001,87.68529999999981,14925.289877300615,14953.994486059653,2,2,25.355797546012298,25.929889721193092
2026-08-08,IND.5.15_1,25.63700000000001,87.73529999999981,15007.0,15047.0,2,2,26.99000000000001,27.79000000000002
2026-08-09,IND.5.15_1,25.63700000000001,87.73529999999981,15007.0,15047.0,2,2,26.99000000000001,27.79000000000002
2026-08-10,IND.5.15_1,25.63700000000001,87.73529999999981,15007.0,15047.0,2,2,26.99000000000001,27.79000000000002
2026-08-08,IND.5.15_1,25.63700000000001,87.78529999999981,15007.0,15032.54834523037,2,2,26.99000000000001,27.500966904607424
2026-08-09,IND.5.15_1,25.63700000000001,87.78529999999981,15007.0,15032.54834523037,2,2,26.99000000000001,27.500966904607424
2026-08-10,IND.5.15_1,25.63700000000001,87.78529999999981,15007.0,15032.54834523037,2,2,26.99000000000001,27.500966904607424
2026-08-08,IND.5.15_1,25.63700000000001,87.8352999999998,15007.0,15017.733410942956,2,2,26.99000000000001,27.204668218859126
2026-08-09,IND.5.15_1,25.63700000000001,87.8352999999998,15007.0,15017.733410942956,2,2,26.99000000000001,27.204668218859126
2026-08-10,IND.5.15_1,25.63700000000001,87.8352999999998,15007.0,15017.733410942956,2,2,26.99000000000001,27.204668218859126
2026-08-08,IND.5.15_1,25.63700000000001,87.8852999999998,15007.0,14953.994486059653,2,2,26.99000000000001,25.929889721193092
2026-08-09,IND.5.15_1,25.63700000000001,87.8852999999998,15007.0,14953.994486059653,2,2,26.99000000000001,25.929889721193092
2026-08-10,IND.5.15_1,25.63700000000001,87.8852999999998,15007.0,14953.994486059653,2,2,26.99000000000001,25.929889721193092
2026-08-08,IND.5.15_1,25.63700000000001,87.9352999999998,15053.498045347927,14953.994486059653,2,2,27.91996090695858,25.929889721193092
2026-08-09,IND.5.15_1,25.63700000000001,87.9352999999998,15053.498045347927,14953.994486059653,2,2,27.91996090695858,25.929889721193092
2026-08-10,IND.5.15_1,25.63700000000001,87.9352999999998,15053.498045347927,14953.994486059653,2,2,27.91996090695858,25.929889721193092
2026-08-08,IND.5.15_1,25.63700000000001,87.9852999999998,15060.71592689295,14953.994486059653,2,2,28.064318537859037,25.929889721193092
2026-08-09,IND.5.15_1,25.63700000000001,87.9852999999998,15060.71592689295,14953.994486059653,2,2,28.064318537859037,25.929889721193092
2026-08-10,IND.5.15_1,25.63700000000001,87.9852999999998,15060.71592689295,14953.994486059653,2,2,28.064318537859037,25.929889721193092
2026-08-08,IND.5.15_1,25.63700000000001,88.0352999999998,15007.0,14953.994486059653,2,2,26.99000000000001,25.929889721193092
2026-08-09,IND.5.15_1,25.63700000000001,88.0352999999998,15007.0,14953.994486059653,2,2,26.99000000000001,25.929889721193092
2026-08-10,IND.5.15_1,25.63700000000001,88.0352999999998,15007.0,14953.994486059653,2,2,26.99000000000001,25.929889721193092
2026-08-08,IND.5.5_1,25.68700000000002,86.0352999999999,15017.647354924497,14953.994486059653,65,2,27.20294709848997,25.929889721193092
2026-08-09,IND.5.5_1,25.68700000000002,86.0352999999999,15017.647354924497,14953.994486059653,2,2,27.20294709848997,25.929889721193092
2026-08-10,IND.5.5_1,25.68700000000002,86.0352999999999,15017.647354924497,14953.994486059653,2,2,27.20294709848997,25.929889721193092
2026-08-08,IND.5.5_1,25.68700000000002,86.0852999999999,15018.022907601739,14953.994486059653,2,2,27.21045815203479,25.929889721193092
2026-08-09,IND.5.5_1,25.68700000000002,86.0852999999999,15018.022907601739,14953.994486059653,2,2,27.21045815203479,25.929889721193092
2026-08-10,IND.5.5_1,25.68700000000002,86.0852999999999,15018.022907601739,14953.994486059653,2,2,27.21045815203479,25.929889721193092
2026-08-08,IND.5.5_1,25.68700000000002,86.1352999999999,15012.251051417717,14953.994486059653,65,2,27.09502102835438,25.929889721193092
2026-08-09,IND.5.5_1,25.68700000000002,86.1352999999999,15012.251051417717,14953.994486059653,2,2,27.09502102835438,25.929889721193092
2026-08-10,IND.5.5_1,25.68700000000002,86.1352999999999,15012.251051417717,14953.994486059653,2,2,27.09502102835438,25.929889721193092
2026-08-08,IND.5.15_1,25.68700000000002,87.28529999999984,15007.0,14953.994486059653,2,2,26.99000000000001,25.929889721193092
2026-08-09,IND.5.15_1,25.68700000000002,87.28529999999984,15007.0,14953.994486059653,2,2,26.99000000000001,25.929889721193092
2026-08-10,IND.5.15_1,25.68700000000002,87.28529999999984,15007.0,14953.994486059653,2,2,26.99000000000001,25.929889721193092
2026-08-08,IND.5.15_1,25.68700000000002,87.63529999999982,14952.962672521959,14953.994486059653,2,2,25.909253450439223,25.929889721193092
2026-08-09,IND.5.15_1,25.68700000000002,87.63529999999982,14952.962672521959,14953.994486059653,2,2,25.909253450439223,25.929889721193092
2026-08-10,IND.5.15_1,25.68700000000002,87.63529999999982,14952.962672521959,14953.994486059653,2,2,25.909253450439223,25.929889721193092
2026-08-08,IND.5.15_1,25.68700000000002,87.68529999999981,14953.011461318052,14953.994486059653,2,2,25.910229226361082,25.929889721193092
2026-08-09,IND.5.15_1,25.68700000000002,87.68529999999981,14953.011461318052,14953.994486059653,2,2,25.910229226361082,25.929889721193092
2026-08-10,IND.5.15_1,25.68700000000002,87.68529999999981,14953.011461318052,14953.994486059653,2,2,25.910229226361082,25.929889721193092
2026-08-08,IND.5.15_1,25.68700000000002,87.73529999999981,14951.047463936713,15042.877106741571,2,2,25.870949278734315,27.707542134831442
2026-08-09,IND.5.15_1,25.68700000000002,87.73529999999981,14951.047463936713,15042.877106741571,2,2,25.870949278734315,27.707542134831442
2026-08-10,IND.5.15_1,25.68700000000002,87.73529999999981,14951.047463936713,15042.877106741571,2,2,25.870949278734315,27.707542134831442
2026-08-08,IND.5.15_1,25.68700000000002,87.78529999999981,15007.0,15038.893556876885,2,2,26.99000000000001,27.62787113753774
2026-08-09,IND.5.15_1,25.68700000000002,87.78529999999981,15007.0,15038.893556876885,2,2,26.99000000000001,27.62787113753774
2026-08-10,IND.5.15_1,25.68700000000002,87.78529999999981,15007.0,15038.893556876885,2,65,26.99000000000001,27.62787113753774
2026-08-08,IND.5.15_1,25.68700000000002,87.8352999999998,15007.0,15037.465239679826,2,2,26.99000000000001,27.59930479359656
2026-08-09,IND.5.15_1,25.68700000000002,87.8352999999998,15007.0,15037.465239679826,2,2,26.99000000000001,27.59930479359656
2026-08-10,IND.5.15_1,25.68700000000002,87.8352999999998,15007.0,15037.465239679826,2,65,26.99000000000001,27.59930479359656
2026-08-08,IND.5.15_1,25.68700000000002,87.8852999999998,15007.0,15042.13363460297,2,2,26.99000000000001,27.692672692059432
2026-08-09,IND.5.15_1,25.68700000000002,87.8852999999998,15007.0,15042.13363460297,2,2,26.99000000000001,27.692672692059432
2026-08-10,IND.5.15_1,25.68700000000002,87.8852999999998,15007.0,15042.13363460297,2,2,26.99000000000001,27.692672692059432
2026-08-08,IND.5.15_1,25.68700000000002,87.9352999999998,15007.0,14953.994486059653,2,2,26.99000000000001,25.929889721193092
2026-08-09,IND.5.15_1,25.68700000000002,87.9352999999998,15007.0,14953.994486059653,2,2,26.99000000000001,25.929889721193092
2026-08-10,IND.5.15_1,25.68700000000002,87.9352999999998,15007.0,14953.994486059653,2,2,26.99000000000001,25.929889721193092
2026-08-08,IND.5.15_1,25.68700000000002,87.9852999999998,15007.0,14953.994486059653,2,2,26.99000000000001,25.929889721193092
2026-08-09,IND.5.15_1,25.68700000000002,87.9852999999998,15007.0,14953.994486059653,2,2,26.99000000000001,25.929889721193092
2026-08-10,IND.5.15_1,25.68700000000002,87.9852999999998,15007.0,14953.994486059653,2,2,26.99000000000001,25.929889721193092
2026-08-08,IND.5.15_1,25.68700000000002,88.0352999999998,15007.0,15014.550561797752,2,2,26.99000000000001,27.14101123595509
2026-08-09,IND.5.15_1,25.68700000000002,88.0352999999998,15007.0,15014.550561797752,2,2,26.99000000000001,27.14101123595509
2026-08-10,IND.5.15_1,25.68700000000002,88.0352999999998,15007.0,15014.550561797752,2,2,26.99000000000001,27.14101123595509
2026-08-08,IND.5.5_1,25.73700000000002,86.0852999999999,15017.598668952305,14953.994486059653,2,2,27.201973379046137,25.929889721193092
2026-08-09,IND.5.5_1,25.73700000000002,86.0852999999999,15017.598668952305,14953.994486059653,2,2,27.201973379046137,25.929889721193092
2026-08-10,IND.5.5_1,25.73700000000002,86.0852999999999,15017.598668952305,14953.994486059653,2,2,27.201973379046137,25.929889721193092
2026-08-08,IND.5.5_1,25.73700000000002,86.1352999999999,15006.14645918882,14953.994486059653,65,2,26.972929183776444,25.929889721193092
2026-08-09,IND.5.5_1,25.73700000000002,86.1352999999999,15006.14645918882,14953.994486059653,2,2,26.972929183776444,25.929889721193092
2026-08-10,IND.5.5_1,25.73700000000002,86.1352999999999,15006.14645918882,14953.994486059653,2,2,26.972929183776444,25.929889721193092
2026-08-08,IND.5.15_1,25.73700000000002,87.68529999999981,14956.090755593079,14953.994486059653,2,2,25.971815111861588,25.929889721193092
2026-08-09,IND.5.15_1,25.73700000000002,87.68529999999981,14956.090755593079,14953.994486059653,2,2,25.971815111861588,25.929889721193092
2026-08-10,IND.5.15_1,25.73700000000002,87.68529999999981,14956.090755593079,14953.994486059653,2,2,25.971815111861588,25.929889721193092
2026-08-08,IND.5.15_1,25.73700000000002,87.73529999999981,14983.139977423001,15048.51070110701,2,2,26.512799548460066,27.82021402214025
2026-08-09,IND.5.15_1,25.73700000000002,87.73529999999981,14983.139977423001,15048.51070110701,2,2,26.512799548460066,27.82021402214025
2026-08-10,IND.5.15_1,25.73700000000002,87.73529999999981,14983.139977423001,15048.51070110701,2,2,26.512799548460066,27.82021402214025
2026-08-08,IND.5.15_1,25.73700000000002,87.78529999999981,15007.861863488622,15043.61785626686,2,2,27.007237269772475,27.722357125337226
2026-08-09,IND.5.15_1,25.73700000000002,87.78529999999981,15007.861863488622,15043.61785626686,2,2,27.007237269772475,27.722357125337226
2026-08-10,IND.5.15_1,25.73700000000002,87.78529999999981,15007.861863488622,15043.61785626686,2,2,27.007237269772475,27.722357125337226
2026-08-08,IND.5.15_1,25.73700000000002,87.8352999999998,15007.0,15043.991920746366,2,2,26.99000000000001,27.72983841492737
2026-08-09,IND.5.15_1,25.73700000000002,87.8352999999998,15007.0,15043.991920746366,2,2,26.99000000000001,27.72983841492737
2026-08-10,IND.5.15_1,25.73700000000002,87.8352999999998,15007.0,15043.991920746366,2,65,26.99000000000001,27.72983841492737
2026-08-08,IND.5.15_1,25.73700000000002,87.8852999999998,15007.0,15044.411747256006,2,2,26.99000000000001,27.738234945120155
2026-08-09,IND.5.15_1,25.73700000000002,87.8852999999998,15007.0,15044.411747256006,2,2,26.99000000000001,27.738234945120155
2026-08-10,IND.5.15_1,25.73700000000002,87.8852999999998,15007.0,15044.411747256006,2,2,26.99000000000001,27.738234945120155
2026-08-08,IND.5.15_1,25.73700000000002,87.9352999999998,15007.0,14953.994486059653,2,2,26.99000000000001,25.929889721193092
2026-08-09,IND.5.15_1,25.73700000000002,87.9352999999998,15007.0,14953.994486059653,2,2,26.99000000000001,25.929889721193092
2026-08-10,IND.5.15_1,25.73700000000002,87.9352999999998,15007.0,14953.994486059653,2,2,26.99000000000001,25.929889721193092
2026-08-08,IND.5.15_1,25.78700000000002,87.8352999999998,15007.0,15042.971326164876,2,2,26.99000000000001,27.709426523297566
2026-08-09,IND.5.15_1,25.78700000000002,87.8352999999998,15007.0,15042.971326164876,2,2,26.99000000000001,27.709426523297566
2026-08-10,IND.5.15_1,25.78700000000002,87.8352999999998,15007.0,15042.971326164876,2,2,26.99000000000001,27.709426523297566
2026-08-08,IND.5.15_1,25.78700000000002,87.8852999999998,15007.0,15043.0,2,2,26.99000000000001,27.710000000000036
2026-08-09,IND.5.15_1,25.78700000000002,87.8852999999998,15007.0,15043.0,2,2,26.99000000000001,27.710000000000036
2026-08-10,IND.5.15_1,25.78700000000002,87.8852999999998,15007.0,15043.0,2,2,26.99000000000001,27.710000000000036
2026-08-08,IND.5.15_1,25.83700000000002,87.8352999999998,15037.695544554455,14953.994486059653,2,2,27.60391089108913,25.929889721193092
2026-08-09,IND.5.15_1,25.83700000000002,87.8352999999998,15037.695544554455,14953.994486059653,2,2,27.60391089108913,25.929889721193092
2026-08-10,IND.5.15_1,25.83700000000002,87.8352999999998,15037.695544554455,14953.994486059653,2,2,27.60391089108913,25.929889721193092
2026-08-08,IND.5.15_1,25.83700000000002,87.8852999999998,15007.0,14953.994486059653,2,2,26.99000000000001,25.929889721193092
2026-08-09,IND.5.15_1,25.83700000000002,87.8852999999998,15007.0,14953.994486059653,2,2,26.99000000000001,25.929889721193092
2026-08-10,IND.5.15_1,25.83700000000002,87.8852999999998,15007.0,14953.994486059653,2,2,26.99000000000001,25.929889721193092
